uid,length,positive,negative,anger,disgust,fear,sadness,surprise,good,happy
1034998544,5407,1110,672,5,455,42,792,182,29,303
1083046042,1215,0,0,0,0,0,0,0,0,0
1135939212,16619,2721,911,12,623,96,1807,194,43,889
1345584264,8,0,0,0,0,0,0,0,0,0
1365202393,1,0,0,0,0,0,0,0,0,0
1379312505,11,0,0,0,0,0,0,0,0,0
1559858304,105,0,0,0,0,0,0,0,0,0
1649610974,40095,5367,1350,37,970,101,2990,260,138,2276
1682097691,177,0,0,0,0,0,0,0,0,0
1689603763,104,0,0,0,0,0,0,0,0,0
1720808935,26,0,0,0,0,0,0,0,0,0
1728082737,210,0,0,0,0,0,0,0,0,0
1752290215,8,0,0,0,0,0,0,0,0,0
1758301177,20669,0,0,0,0,0,0,0,0,0
1783834712,5,0,0,0,0,0,0,0,0,0
1784057214,47,0,0,0,0,0,0,0,0,0
1790373221,444,0,0,0,0,0,0,0,0,0
1795347667,15513,2777,985,24,681,69,2008,219,42,736
1840772165,860,112,148,0,116,0,75,32,0,37
1854681092,77,0,0,0,0,0,0,0,0,0
1855805130,8850,1925,772,19,425,52,1237,276,23,665
1890320723,90,0,0,0,0,0,0,0,0,0
1899907815,94,0,0,0,0,0,0,0,0,0
1901818891,147,35,8,0,8,0,16,0,0,19
1906851155,47087,0,0,0,0,0,0,0,0,0
1911833325,6834,837,506,60,329,23,640,94,22,178
1915055757,241,0,0,0,0,0,0,0,0,0
1929974147,371,0,0,0,0,0,0,0,0,0
1935249385,408,0,0,0,0,0,0,0,0,0
1952171374,1,0,0,0,0,0,0,0,0,0
1954348661,506,26,40,0,32,0,9,8,0,17
1961389907,2,0,0,0,0,0,0,0,0,0
1967998234,80,0,0,0,0,0,0,0,0,0
2098255055,68,0,0,0,0,0,0,0,0,0
2132587405,1032,156,94,0,74,6,101,20,0,55
2141119812,29,0,0,0,0,0,0,0,0,0
2143547892,346,0,0,0,0,0,0,0,0,0
2143882514,12,0,0,0,0,0,0,0,0,0
2163354963,8345,1266,689,3,436,60,930,190,39,314
2216238595,5588,897,376,0,247,18,523,111,12,362
2262854413,22,0,0,0,0,0,0,0,0,0
2270736810,60,0,0,0,0,0,0,0,0,0
2301911297,255,0,0,0,0,0,0,0,0,0
2306306105,1195,141,91,0,80,5,88,6,0,53
2317354191,368,0,0,0,0,0,0,0,0,0
2332298080,18,0,0,0,0,0,0,0,0,0
2347078513,365,61,25,0,10,15,35,0,7,19
2354515275,841,86,123,0,80,18,70,25,5,11
2354638243,11,0,0,0,0,0,0,0,0,0
2355053125,2985,511,157,0,102,36,289,19,22,200
2385795183,287,0,0,0,0,0,0,0,0,0
2412088971,178,0,0,0,0,0,0,0,0,0
2480863965,1814,359,261,0,240,1,226,23,12,121
2513129111,129,0,0,0,0,0,0,0,0,0
2515860361,272,0,0,0,0,0,0,0,0,0
2572842633,1074,0,0,0,0,0,0,0,0,0
2583436305,6146,1569,303,0,222,12,1097,69,12,460
2594439380,174,0,0,0,0,0,0,0,0,0
2612044685,1451,242,36,0,28,0,166,8,5,71
2612167125,366,59,41,0,22,0,36,19,0,23
2613818215,497,0,0,0,0,0,0,0,0,0
2615228915,222,0,0,0,0,0,0,0,0,0
2654284130,225,0,0,0,0,0,0,0,0,0
2655052371,13253,2134,1357,8,1021,75,1320,253,41,773
2691828924,2242,421,154,0,81,11,344,68,5,72
2732515385,1582,471,113,0,80,9,249,24,10,212
2739561451,2569,219,133,0,81,18,175,34,0,44
2743705125,109,12,34,0,21,0,5,13,0,7
2757372965,963,166,42,0,33,4,124,5,5,37
2772104135,6956,1125,674,8,443,68,743,175,35,348
2796581901,15,0,0,0,0,0,0,0,0,0
2803535561,16182,3237,1658,54,1113,71,2232,432,53,964
2812619613,5,0,0,0,0,0,0,0,0,0
2814354731,2988,638,181,0,113,0,442,68,35,164
2825788635,40,10,12,0,12,0,0,0,5,5
2828388490,255,54,6,0,6,0,44,0,0,10
2829774490,227,0,0,0,0,0,0,0,0,0
2858219670,23674,5538,1712,17,957,125,4128,626,156,1263
2871635772,396,0,0,0,0,0,0,0,0,0
2872255713,7487,1769,473,24,313,37,1261,102,21,496
2925405971,134,0,0,0,0,0,0,0,0,0
2930294883,135,0,0,0,0,0,0,0,0,0
2938075221,44,0,0,0,0,0,0,0,0,0
2947408677,18668,2559,1483,19,1029,89,1739,349,33,802
2951339827,74,0,0,0,0,0,0,0,0,0
2952608722,17081,3417,1124,7,609,117,2120,399,56,1255
2967680665,4187,476,208,0,189,0,278,19,16,182
2972378563,1472,0,0,0,0,0,0,0,0,0
2979488924,149,0,0,0,0,0,0,0,0,0
2981465385,188,0,0,0,0,0,0,0,0,0
3023956475,7733,2590,0,0,0,0,2503,0,0,87
3044197555,57,0,0,0,0,0,0,0,0,0
3053819357,305,0,0,0,0,0,0,0,0,0
3089853925,294,0,0,0,0,0,0,0,0,0
3090724317,579,0,0,0,0,0,0,0,0,0
3091809057,3040,449,246,0,146,21,322,79,5,122
3103142272,491,0,0,0,0,0,0,0,0,0
3122109470,755,38,20,0,12,3,21,5,0,17
3146274397,30,0,0,0,0,0,0,0,0,0
3162204211,24,0,0,0,0,0,0,0,0,0
3168103974,2195,0,0,0,0,0,0,0,0,0
3194653120,30,0,0,0,0,0,0,0,0,0
3201569584,845,192,57,0,32,0,78,25,8,109
3202064343,513,91,55,0,45,0,83,10,0,8
3209179363,22,0,0,0,0,0,0,0,0,0
3210383005,55,0,0,0,0,0,0,0,0,0
3214376145,220,0,0,0,0,0,0,0,0,0
3216102991,1431,378,166,5,123,9,239,32,16,126
3216885825,94,0,0,0,0,0,0,0,0,0
3216969435,81,0,0,0,0,0,0,0,0,0
3217227017,406,83,17,0,12,5,58,0,0,25
3221124933,624,0,0,0,0,0,0,0,0,0
3226223413,58,0,0,0,0,0,0,0,0,0
3264611790,1011,300,78,0,50,8,188,20,10,102
3276671605,68,0,0,0,0,0,0,0,0,0
3283128800,61,0,0,0,0,0,0,0,0,0
3385291250,518,0,0,0,0,0,0,0,0,0
3404220052,5096,0,0,0,0,0,0,0,0,0
3412797352,12,0,0,0,0,0,0,0,0,0
3443262340,27,0,0,0,0,0,0,0,0,0
3458633544,4306,668,273,0,220,13,404,40,14,250
3480069400,118,0,0,0,0,0,0,0,0,0
3484538392,216,0,0,0,0,0,0,0,0,0
3493466205,1953,401,84,0,51,3,213,30,5,183
3537645293,34,0,0,0,0,0,0,0,0,0
3545430891,62,0,0,0,0,0,0,0,0,0
3556828137,11217,1859,1134,29,746,76,1358,288,44,457
3566723235,739,0,0,0,0,0,0,0,0,0
3607096365,691,85,71,0,61,5,72,8,0,13
3621049273,480,0,0,0,0,0,0,0,0,0
3625850185,97,36,3,0,3,0,9,0,9,18
3627337957,2742,751,279,0,233,15,493,31,7,251
3639273207,360,91,35,0,22,8,58,5,0,33
3669462752,154,0,0,0,0,0,0,0,0,0
3674776682,76,0,0,0,0,0,0,0,0,0
3681175815,32,0,3,0,3,0,0,0,0,0
3681928253,658,114,22,0,10,0,81,12,0,33
3686243894,649,0,0,0,0,0,0,0,0,0
3687423002,945,220,86,3,50,12,134,21,10,76
3705106287,1977,0,0,0,0,0,0,0,0,0
3709073112,226,0,0,0,0,0,0,0,0,0
3720304572,1268,159,119,3,73,11,90,32,5,67
3721559683,804,0,0,0,0,0,0,0,0,0
3737694527,148,0,0,0,0,0,0,0,0,0
3747986174,9571,1829,676,7,526,42,1204,106,26,599
3786044757,24,0,0,0,0,0,0,0,0,0
3802299823,3616,832,137,0,96,20,570,26,0,262
3805276521,433,0,0,0,0,0,0,0,0,0
3807254986,183,0,0,0,0,0,0,0,0,0
3807456470,36,0,0,0,0,0,0,0,0,0
3814687429,1160,0,0,0,0,0,0,0,0,0
3824806375,117,0,0,0,0,0,0,0,0,0
3832092607,107,0,0,0,0,0,0,0,0,0
3832106215,1614,391,191,0,116,13,261,68,0,130
3839066554,499,0,0,0,0,0,0,0,0,0
3863836921,289,0,0,0,0,0,0,0,0,0
3879608986,15,0,0,0,0,0,0,0,0,0
3884645256,5478,1431,452,5,300,16,1143,134,26,262
3903338780,424,0,0,0,0,0,0,0,0,0
3914851825,821,222,57,0,44,3,133,10,3,86
3946069999,3395,699,348,5,271,14,530,61,10,159
3951807751,287,0,0,0,0,0,0,0,0,0
3961025529,1776,334,108,11,59,7,282,31,0,55
3961135974,171,16,18,0,6,0,16,12,0,0
3966661012,90,0,0,0,0,0,0,0,0,0
3967078863,2754,622,184,0,152,6,312,29,10,300
3969830293,416,0,0,0,0,0,0,0,0,0
3969952990,129,0,0,0,0,0,0,0,0,0
3972460571,2690,0,0,0,0,0,0,0,0,0
3975591255,1403,232,120,0,70,17,127,33,0,105
3980168469,124,0,0,0,0,0,0,0,0,0
3983695200,6164,1222,526,21,342,32,848,139,10,366
3985188970,74,0,0,0,0,0,0,0,0,0
5018816731,24,0,0,0,0,0,0,0,0,0
5024461673,482,0,0,0,0,0,0,0,0,0
5026372984,506,0,0,0,0,0,0,0,0,0
5027756359,8523,1231,789,33,513,89,842,162,33,360
5037978954,60,0,0,0,0,0,0,0,0,0
5040826709,16422,2345,1615,29,1104,160,1418,357,105,825
5041220633,296,85,32,5,22,0,46,5,0,39
5047869563,111,0,0,0,0,0,0,0,0,0
5048397309,971,0,0,0,0,0,0,0,0,0
5054433349,129,0,0,0,0,0,0,0,0,0
5054638855,42,0,0,0,0,0,0,0,0,0
5060480106,3292,782,187,0,129,13,473,52,5,304
5063815035,169,0,0,0,0,0,0,0,0,0
5065169831,139,0,0,0,0,0,0,0,0,0
5074790464,46,0,0,0,0,0,0,0,0,0
5081075587,676,0,0,0,0,0,0,0,0,0
5092421187,1690,293,177,0,123,20,152,34,0,141
5099019020,15,0,0,0,0,0,0,0,0,0
5118257250,2104,506,183,0,123,0,346,60,3,160
5122415415,247,0,0,0,0,0,0,0,0,0
5122497410,198,0,0,0,0,0,0,0,0,0
5123339885,275,0,0,0,0,0,0,0,0,0
5124988572,2178,460,211,0,170,19,289,22,15,156
5127443308,1124,0,0,0,0,0,0,0,0,0
5128504504,194,0,0,0,0,0,0,0,0,0
5131331893,124,0,0,0,0,0,0,0,0,0
5138366725,18,0,0,0,0,0,0,0,0,0
5138629950,2,0,0,0,0,0,0,0,0,0
5142352132,5,0,0,0,0,0,0,0,0,0
5143062643,38,0,0,0,0,0,0,0,0,0
5144221546,182,0,0,0,0,0,0,0,0,0
5146480849,307,0,0,0,0,0,0,0,0,0
5152835439,32,0,0,0,0,0,0,0,0,0
5170316972,120,0,0,0,0,0,0,0,0,0
5172943917,81,0,0,0,0,0,0,0,0,0
5173780460,2066,398,151,0,107,0,206,44,7,185
5174473506,129,0,0,0,0,0,0,0,0,0
5186416257,1186,454,125,0,80,23,216,22,0,238
5187286018,375,0,0,0,0,0,0,0,0,0
5187499523,81,0,0,0,0,0,0,0,0,0
5199433861,232,0,0,0,0,0,0,0,0,0
5204658881,384,0,0,0,0,0,0,0,0,0
5205136334,2634,654,312,12,211,3,467,89,10,180
5206652217,42,0,0,0,0,0,0,0,0,0
5211912483,108,0,0,0,0,0,0,0,0,0
5219826833,136,0,0,0,0,0,0,0,0,0
5220348680,1180,86,56,0,53,3,56,3,8,22
5223454365,207,0,0,0,0,0,0,0,0,0
5223722735,224,0,0,0,0,0,0,0,0,0
5225068640,1044,318,157,0,105,5,200,53,5,113
5226401408,465,0,0,0,0,0,0,0,0,0
5227425888,1119,304,109,0,57,11,203,41,6,95
5227426075,6365,1185,359,5,242,32,797,80,23,368
5227861306,8190,1805,822,0,540,57,1233,228,41,531
5228506213,833,0,0,0,0,0,0,0,0,0
5229785831,376,0,0,0,0,0,0,0,0,0
5232853656,530,0,0,0,0,0,0,0,0,0
5234475519,269,0,0,0,0,0,0,0,0,0
5237988185,135,0,0,0,0,0,0,0,0,0
5238279314,9033,0,0,0,0,0,0,0,0,0
5239742616,35324,5528,2935,50,2082,205,3927,615,187,1420
5239855151,81,0,0,0,0,0,0,0,0,0
5242670358,376,0,0,0,0,0,0,0,0,0
5242930332,120,0,0,0,0,0,0,0,0,0
5245106020,20,0,0,0,0,0,0,0,0,0
5245476210,15936,0,0,0,0,0,0,0,0,0
5245922808,1534,419,107,0,57,11,255,39,8,156
5247796685,94,0,0,0,0,0,0,0,0,0
5248119457,59,0,0,0,0,0,0,0,0,0
5257191749,716,159,86,0,51,14,96,26,0,66
5259367709,321,0,0,0,0,0,0,0,0,0
5260475919,198,0,0,0,0,0,0,0,0,0
5264648521,866,159,55,0,28,0,117,27,5,40
5266632459,337,0,0,0,0,0,0,0,0,0
5268383373,20,0,0,0,0,0,0,0,0,0
5269313231,27,0,0,0,0,0,0,0,0,0
5270578335,5147,661,224,7,177,5,354,38,5,302
5271600170,240,42,22,0,22,0,30,0,0,12
5271684906,24,0,0,0,0,0,0,0,0,0
5272683649,1263,0,0,0,0,0,0,0,0,0
5280008911,89,0,0,0,0,0,0,0,0,0
5280388474,38,0,0,0,0,0,0,0,0,0
5281704095,3781,734,418,0,321,17,539,85,10,185
5286233788,208,0,0,0,0,0,0,0,0,0
5287998142,882,0,0,0,0,0,0,0,0,0
5289880474,820,0,0,0,0,0,0,0,0,0
5299236839,66,5,14,0,14,0,0,0,0,5
5301143226,37,0,0,0,0,0,0,0,0,0
5305151597,1434,270,209,12,136,22,191,39,6,73
5306991889,162,0,0,0,0,0,0,0,0,0
5307825621,912,0,0,0,0,0,0,0,0,0
5308391218,181,86,8,0,3,5,56,0,0,30
5309387810,809,0,0,0,0,0,0,0,0,0
5311977602,2,0,0,0,0,0,0,0,0,0
5314315097,3732,482,310,0,218,30,306,65,0,176
5317524254,562,0,0,0,0,0,0,0,0,0
5319634294,1200,0,0,0,0,0,0,0,0,0
5325473614,900,0,0,0,0,0,0,0,0,0
5326369539,160,0,0,0,0,0,0,0,0,0
5326969785,76,0,0,0,0,0,0,0,0,0
5327252302,64,0,0,0,0,0,0,0,0,0
5327377266,2313,502,173,0,117,3,285,53,10,207
5334720071,46,0,0,0,0,0,0,0,0,0
5334856546,2317,166,34,0,18,1,119,15,14,33
5342239609,62,0,0,0,0,0,0,0,0,0
5344430033,376,0,0,0,0,0,0,0,0,0
5345920118,12673,1824,1232,12,800,72,1432,348,48,344
5347741373,1557,439,81,5,59,0,315,17,0,124
5350671581,5085,809,536,0,376,52,602,116,20,190
5356459372,384,0,0,0,0,0,0,0,0,0
5361677143,1246,0,0,0,0,0,0,0,0,0
5362565283,413,0,0,0,0,0,0,0,0,0
5365776799,51,0,0,0,0,0,0,0,0,0
5366007513,44,0,0,0,0,0,0,0,0,0
5369154231,188,0,0,0,0,0,0,0,0,0
5370587714,6107,1057,594,22,364,26,722,182,23,319
5373212783,253,0,0,0,0,0,0,0,0,0
5379742420,129,38,0,0,0,0,18,0,0,20
5380201017,282,0,0,0,0,0,0,0,0,0
5384022993,70,0,0,0,0,0,0,0,0,0
5384149883,1367,0,0,0,0,0,0,0,0,0
5385312087,244,0,0,0,0,0,0,0,0,0
5387627054,100,0,0,0,0,0,0,0,0,0
5388771462,292,0,0,0,0,0,0,0,0,0
5389917313,53,0,0,0,0,0,0,0,0,0
5397001656,377,0,0,0,0,0,0,0,0,0
5398981835,154,0,0,0,0,0,0,0,0,0
5403982418,421,0,0,0,0,0,0,0,0,0
5406062172,620,0,0,0,0,0,0,0,0,0
5411824467,347,0,0,0,0,0,0,0,0,0
5417461629,6089,1341,703,10,417,65,1007,232,25,309
5417485426,323,0,0,0,0,0,0,0,0,0
5417485426,323,0,0,0,0,0,0,0,0,0
5443895118,206,0,0,0,0,0,0,0,0,0
5444051679,406,0,0,0,0,0,0,0,0,0
5445242128,7,0,0,0,0,0,0,0,0,0
5446884067,72,0,0,0,0,0,0,0,0,0
5447690643,223,0,0,0,0,0,0,0,0,0
5455642674,105,0,0,0,0,0,0,0,0,0
5456128073,952,183,54,0,51,8,128,0,0,55
5456531392,234,0,0,0,0,0,0,0,0,0
5459355880,58,0,0,0,0,0,0,0,0,0
5460581747,353,56,40,0,40,0,38,0,0,18
5463661581,139,0,0,0,0,0,0,0,0,0
5468390164,9737,0,0,0,0,0,0,0,0,0
5477757041,658,0,0,0,0,0,0,0,0,0
5479258853,48,0,0,0,0,0,0,0,0,0
5482428116,808,146,95,0,54,10,107,34,5,34
5491881828,57,0,0,0,0,0,0,0,0,0
5492464633,296,0,0,0,0,0,0,0,0,0
5494326837,250,0,0,0,0,0,0,0,0,0
5494673442,46,0,0,0,0,0,0,0,0,0
5495786469,109,0,0,0,0,0,0,0,0,0
5503289126,347,0,0,0,0,0,0,0,0,0
5503380780,537,91,30,0,14,11,41,5,0,50
5505666912,211,0,0,0,0,0,0,0,0,0
5508862688,10,0,0,0,0,0,0,0,0,0
5509953912,62,0,0,0,0,0,0,0,0,0
5511935542,466,137,68,5,39,6,88,18,0,49
5513190019,2207,502,211,8,144,5,300,57,5,200
5513758976,146,0,0,0,0,0,0,0,0,0
5515131312,1645,247,146,0,110,9,172,27,14,61
5515301211,378,0,0,0,0,0,0,0,0,0
5516997243,10912,1729,838,16,528,144,1059,170,25,663
5522055872,167,0,0,0,0,0,0,0,0,0
5522546998,705,0,0,0,0,0,0,0,0,0
5523936836,621,0,0,0,0,0,0,0,0,0
5528290674,267,0,0,0,0,0,0,0,0,0
5528566837,1979,366,216,0,141,16,282,59,22,62
5529388203,162,0,0,0,0,0,0,0,0,0
5531344988,7395,0,0,0,0,0,0,0,0,0
5532074167,4797,766,444,12,261,58,566,123,8,192
5535584954,11,0,0,0,0,0,0,0,0,0
5536589166,333,0,0,0,0,0,0,0,0,0
5536604741,301,0,0,0,0,0,0,0,0,0
5539622565,253,0,0,0,0,0,0,0,0,0
5539628893,49,0,0,0,0,0,0,0,0,0
5539629632,3322,766,212,0,174,5,402,38,13,351
5548761696,54,0,0,0,0,0,0,0,0,0
5552546450,90,0,0,0,0,0,0,0,0,0
5554392107,161,0,0,0,0,0,0,0,0,0
5556229258,1009,0,0,0,0,0,0,0,0,0
5558092373,112,0,0,0,0,0,0,0,0,0
5565294509,13,0,0,0,0,0,0,0,0,0
5566483053,62,0,0,0,0,0,0,0,0,0
5567186153,5295,1035,545,10,365,61,713,120,28,297
5569515630,7,0,0,0,0,0,0,0,0,0
5571531282,309,0,0,0,0,0,0,0,0,0
5572229760,4061,654,579,0,424,61,393,104,5,257
5572555506,338,0,0,0,0,0,0,0,0,0
5574419538,674,190,66,0,47,0,98,19,0,92
5574863560,29,0,0,0,0,0,0,0,0,0
5575149984,573,0,0,0,0,0,0,0,0,0
5580746060,14011,2771,1770,27,1224,105,2101,450,93,577
5590552117,779,0,0,0,0,0,0,0,0,0
5590859332,7024,1176,672,3,461,82,766,134,45,365
5591075938,2040,368,165,0,113,33,276,24,0,92
5594527115,1449,335,111,0,59,10,184,47,20,131
5594529084,3170,254,114,0,75,10,163,29,5,86
5596304181,648,158,113,7,59,5,62,47,5,91
5597044761,204,0,0,0,0,0,0,0,0,0
5598510462,463,0,0,0,0,0,0,0,0,0
5603594985,3768,548,141,0,106,10,494,30,5,49
5604437432,361,0,0,0,0,0,0,0,0,0
5610585334,659,0,0,0,0,0,0,0,0,0
5613037743,265,0,0,0,0,0,0,0,0,0
5613996945,538,0,0,0,0,0,0,0,0,0
5614394281,1348,0,0,0,0,0,0,0,0,0
5615848829,79,0,0,0,0,0,0,0,0,0
5620348397,363,89,38,0,33,0,49,5,0,40
5622746116,15300,0,0,0,0,0,0,0,0,0
5626573198,1,0,0,0,0,0,0,0,0,0
5627285010,16597,4367,2152,27,1223,177,3009,746,132,1247
5629054716,208,0,0,0,0,0,0,0,0,0
5629056981,1603,270,147,5,107,0,181,35,0,94
5631220258,1853,336,129,5,70,20,162,34,5,169
5631556487,1295,0,0,0,0,0,0,0,0,0
5635552673,82,0,0,0,0,0,0,0,0,0
5636055325,13,0,0,0,0,0,0,0,0,0
5641313920,335,0,0,0,0,0,0,0,0,0
5641748245,76,0,0,0,0,0,0,0,0,0
5644446287,2302,577,248,12,175,9,435,52,5,137
5644816648,374,0,0,0,0,0,0,0,0,0
5645731469,65,0,0,0,0,0,0,0,0,0
5646429152,85,0,0,0,0,0,0,0,0,0
5648858684,1811,255,273,7,200,12,173,57,14,68
5650268361,82,0,0,0,0,0,0,0,0,0
5652208130,615,0,0,0,0,0,0,0,0,0
5652901594,85,0,0,0,0,0,0,0,0,0
5653172354,10534,0,0,0,0,0,0,0,0,0
5656284826,98,0,0,0,0,0,0,0,0,0
5656577697,329,0,0,0,0,0,0,0,0,0
5658879846,50,0,0,0,0,0,0,0,0,0
5659414979,1749,491,217,0,162,17,378,38,5,114
5660049489,172,0,0,0,0,0,0,0,0,0
5660186861,335,46,18,0,8,5,32,5,7,7
5660779066,47,0,0,0,0,0,0,0,0,0
5662394284,301,0,0,0,0,0,0,0,0,0
5663037931,54,0,0,0,0,0,0,0,0,0
5664646246,54,0,0,0,0,0,0,0,0,0
5665319755,115,0,0,0,0,0,0,0,0,0
5666067770,264,0,0,0,0,0,0,0,0,0
5666178815,1076,0,0,0,0,0,0,0,0,0
5667412223,228,0,0,0,0,0,0,0,0,0
5667560100,371,0,0,0,0,0,0,0,0,0
5668012263,130,0,0,0,0,0,0,0,0,0
5668042412,74,0,0,0,0,0,0,0,0,0
5668900706,70,0,0,0,0,0,0,0,0,0
5669419432,116,0,0,0,0,0,0,0,0,0
5670773361,298,0,0,0,0,0,0,0,0,0
5670938995,270,0,0,0,0,0,0,0,0,0
5671670558,381,0,0,0,0,0,0,0,0,0
5672278612,498,0,0,0,0,0,0,0,0,0
5673579978,1238,243,145,0,103,4,141,38,5,100
5677248612,566,68,34,0,18,8,41,8,0,27
5677730258,120,0,0,0,0,0,0,0,0,0
5678658014,2044,281,150,5,108,8,188,29,12,81
5678707028,1481,281,131,0,111,3,218,17,3,60
5680154774,103,0,0,0,0,0,0,0,0,0
5682511878,35,0,0,0,0,0,0,0,0,0
5683686754,70,0,0,0,0,0,0,0,0,0
5684860918,90,0,0,0,0,0,0,0,0,0
5685647704,58,12,3,0,3,0,12,0,0,0
5689339424,2250,391,276,0,207,10,275,68,5,111
5693502111,212,0,0,0,0,0,0,0,0,0
5698292913,46,0,0,0,0,0,0,0,0,0
5703742723,276,0,0,0,0,0,0,0,0,0
5706134293,24,0,0,0,0,0,0,0,0,0
5707028530,39,0,0,0,0,0,0,0,0,0
5712878083,3516,0,0,0,0,0,0,0,0,0
5715140236,1280,178,62,0,51,0,127,11,5,49
5718628295,25,0,0,0,0,0,0,0,0,0
5720853062,93,0,0,0,0,0,0,0,0,0
5722247110,80,0,0,0,0,0,0,0,0,0
5724434041,188,0,0,0,0,0,0,0,0,0
5724544713,156,0,0,0,0,0,0,0,0,0
5730961277,700,0,0,0,0,0,0,0,0,0
5735054639,107,0,0,0,0,0,0,0,0,0
5735278162,5017,1143,360,5,258,21,731,79,7,405
5737151697,97,0,0,0,0,0,0,0,0,0
5737825978,6612,1375,618,40,333,30,1006,215,37,358
5739062185,1334,359,81,0,49,5,198,27,10,151
5744273167,22610,4208,1552,24,1048,81,2833,404,85,1297
5748054322,2243,444,18,0,18,0,438,0,0,6
5751039913,281,0,0,0,0,0,0,0,0,0
5760486384,96,0,0,0,0,0,0,0,0,0
5766343217,498,0,0,0,0,0,0,0,0,0
5776605570,18,0,0,0,0,0,0,0,0,0
5776833781,638,107,40,0,25,0,64,15,10,33
5781043933,236,0,0,0,0,0,0,0,0,0
5786409045,1267,0,0,0,0,0,0,0,0,0
5788576590,1173,237,98,14,67,3,175,14,5,57
5789351882,6519,1537,581,9,340,102,1153,155,5,379
5793051065,21,0,0,0,0,0,0,0,0,0
5794454655,2210,456,154,0,100,7,311,47,0,145
5797592516,60,0,0,0,0,0,0,0,0,0
5800578080,1961,305,166,5,132,8,218,21,5,85
5807286314,1355,195,82,0,76,0,145,9,3,48
5809996919,253,0,0,0,0,0,0,0,0,0
5816033896,273,73,3,0,3,0,55,0,0,18
5822270316,935,0,0,0,0,0,0,0,0,0
5825650396,3341,865,307,7,198,15,668,87,10,187
5826013759,73,0,0,0,0,0,0,0,0,0
5828694640,554,0,0,0,0,0,0,0,0,0
5831166086,2926,558,271,14,175,22,391,63,10,157
5831385057,2895,493,277,0,224,6,315,47,0,178
5832983798,95,0,0,0,0,0,0,0,0,0
5834213006,88,0,0,0,0,0,0,0,0,0
5835991286,114,0,0,0,0,0,0,0,0,0
5838334603,14,0,0,0,0,0,0,0,0,0
5838718789,3038,566,190,0,107,27,415,61,5,146
5839578825,1388,186,65,0,37,0,96,28,5,85
5842238758,2495,0,0,0,0,0,0,0,0,0
5847759628,410,0,0,0,0,0,0,0,0,0
5849072381,151,0,0,0,0,0,0,0,0,0
5851050640,209,0,0,0,0,0,0,0,0,0
5851283354,288,0,0,0,0,0,0,0,0,0
5851895479,1099,0,0,0,0,0,0,0,0,0
5852480486,2343,440,283,0,235,5,317,43,0,123
5854301398,160,0,0,0,0,0,0,0,0,0
5855624750,165,0,0,0,0,0,0,0,0,0
5855897777,143,0,0,0,0,0,0,0,0,0
5856292304,108,0,0,0,0,0,0,0,0,0
5859242666,273,0,0,0,0,0,0,0,0,0
5861884187,4200,824,599,8,404,48,507,147,28,289
5864126184,21,0,0,0,0,0,0,0,0,0
5868347821,6928,1381,908,23,672,60,1082,159,26,277
5868557481,110,0,0,0,0,0,0,0,0,0
5869621031,323,0,0,0,0,0,0,0,0,0
5871334354,211,0,0,0,0,0,0,0,0,0
5872519469,15,0,0,0,0,0,0,0,0,0
5873729396,378,0,0,0,0,0,0,0,0,0
5874414749,139,0,0,0,0,0,0,0,0,0
5879226052,98,0,0,0,0,0,0,0,0,0
5880168406,77,0,0,0,0,0,0,0,0,0
5880244243,881,0,0,0,0,0,0,0,0,0
5884798646,2647,869,203,8,147,1,532,47,10,330
5886011398,417,0,0,0,0,0,0,0,0,0
5888687126,1504,227,156,0,101,10,116,45,6,105
5888824938,621,0,0,0,0,0,0,0,0,0
5890749552,1891,400,268,17,144,10,257,97,12,136
5891003974,11336,2274,1091,5,743,76,1636,270,74,570
5891290179,449,0,0,0,0,0,0,0,0,0
5895153157,96,0,0,0,0,0,0,0,0,0
5898468030,22,0,0,0,0,0,0,0,0,0
5901099710,7503,1757,973,10,722,46,1224,210,10,531
5902585082,3347,364,214,7,136,22,169,54,9,189
5904318091,71,0,0,0,0,0,0,0,0,0
5905758416,3952,566,345,7,255,17,309,66,23,237
5906086478,803,206,75,0,50,0,145,25,5,59
5906721180,197,0,0,0,0,0,0,0,0,0
5912535645,15,0,0,0,0,0,0,0,0,0
5926462376,510,0,0,0,0,0,0,0,0,0
5933396854,105,0,0,0,0,0,0,0,0,0
5935375113,1305,124,156,0,115,16,45,25,14,65
5936447089,85,0,0,0,0,0,0,0,0,0
5936452078,26,0,0,0,0,0,0,0,0,0
5940303381,65,0,0,0,0,0,0,0,0,0
5941498609,33,0,0,0,0,0,0,0,0,0
5945234578,89,0,0,0,0,0,0,0,0,0
5945626658,15356,0,0,0,0,0,0,0,0,0
5948779257,1191,0,0,0,0,0,0,0,0,0
5951365006,286,0,0,0,0,0,0,0,0,0
5963305804,249,0,0,0,0,0,0,0,0,0
5963809026,1024,116,41,3,25,3,80,10,0,36
5970590745,768,0,0,0,0,0,0,0,0,0
5974858233,351,0,0,0,0,0,0,0,0,0
5975105447,89,0,0,0,0,0,0,0,0,0
5977150927,318,0,0,0,0,0,0,0,0,0
5979497352,112,0,0,0,0,0,0,0,0,0
5981249923,7,0,0,0,0,0,0,0,0,0
5983063284,2818,361,220,21,173,6,269,23,5,87
5984398788,95,0,0,0,0,0,0,0,0,0
5986053647,100,0,0,0,0,0,0,0,0,0
5986222143,208,0,0,0,0,0,0,0,0,0
5986224439,5142,852,437,0,318,44,628,91,18,206
5988364306,106,0,0,0,0,0,0,0,0,0
5992402355,140,0,0,0,0,0,0,0,0,0
5993556654,298,0,0,0,0,0,0,0,0,0
5993879986,127,0,0,0,0,0,0,0,0,0
5997082441,2145,412,144,0,96,8,296,45,0,116
5997364615,94,0,0,0,0,0,0,0,0,0
6003954889,1591,230,63,0,48,5,142,10,0,88
6008488728,23,0,0,0,0,0,0,0,0,0
6012436605,1132,123,148,0,112,16,85,23,0,38
6013996302,93,0,0,0,0,0,0,0,0,0
6014623577,8,0,0,0,0,0,0,0,0,0
6015653652,233,0,0,0,0,0,0,0,0,0
6015990783,44,0,0,0,0,0,0,0,0,0
6016028351,45,0,0,0,0,0,0,0,0,0
6016036575,1078,172,115,0,80,5,110,30,3,59
6016592749,392,0,0,0,0,0,0,0,0,0
6016747828,173,0,0,0,0,0,0,0,0,0
6026857552,79,0,0,0,0,0,0,0,0,0
6028272753,2116,462,159,5,90,15,348,57,8,106
6029454697,101,0,0,0,0,0,0,0,0,0
6031858320,22,0,0,0,0,0,0,0,0,0
6033494647,564,0,0,0,0,0,0,0,0,0
6035559853,1156,0,0,0,0,0,0,0,0,0
6037105784,2355,400,178,0,120,12,268,49,0,132
6037110986,7622,1109,365,5,250,35,708,81,13,388
6039155220,1346,0,0,0,0,0,0,0,0,0
6039472325,109,0,0,0,0,0,0,0,0,0
6041672464,271,0,0,0,0,0,0,0,0,0
6042501153,3593,437,239,14,117,28,307,85,19,111
6048052683,42,0,0,0,0,0,0,0,0,0
6049842997,189,0,0,0,0,0,0,0,0,0
6051477567,181,0,0,0,0,0,0,0,0,0
6053131564,477,169,11,0,6,5,134,0,0,38
6053954475,2733,0,0,0,0,0,0,0,0,0
6055424820,76,0,0,0,0,0,0,0,0,0
6055751818,137,0,0,0,0,0,0,0,0,0
6055931641,119,0,0,0,0,0,0,0,0,0
6056248608,284,0,0,0,0,0,0,0,0,0
6056384139,244,0,0,0,0,0,0,0,0,0
6056596476,763,0,0,0,0,0,0,0,0,0
6060178454,23,0,0,0,0,0,0,0,0,0
6062527613,57,0,0,0,0,0,0,0,0,0
6065303970,1485,273,168,0,94,8,166,81,9,98
6065886223,221,0,0,0,0,0,0,0,0,0
6068281803,153,0,0,0,0,0,0,0,0,0
6081005391,490,0,0,0,0,0,0,0,0,0
6082001771,5293,1132,470,8,316,36,710,115,25,398
6085406660,1288,101,53,0,26,0,57,27,13,31
6087603218,187,0,0,0,0,0,0,0,0,0
6088348388,480,0,0,0,0,0,0,0,0,0
6088480472,49,0,0,0,0,0,0,0,0,0
6104891668,382,0,0,0,0,0,0,0,0,0
6108004552,634,70,9,0,6,0,30,3,0,40
6109687580,552,0,0,0,0,0,0,0,0,0
6112695345,3271,747,337,5,217,10,557,105,5,185
6112846090,91,0,0,0,0,0,0,0,0,0
6118380855,404,78,58,0,48,10,64,0,0,14
6118693330,90,0,0,0,0,0,0,0,0,0
6119570121,1,0,0,0,0,0,0,0,0,0
6120472500,609,0,0,0,0,0,0,0,0,0
6123728854,2653,487,86,0,59,14,354,19,15,118
6128264030,308,0,0,0,0,0,0,0,0,0
6128775106,398,0,0,0,0,0,0,0,0,0
6131507289,1040,183,108,0,86,3,112,19,0,71
6135048712,4028,974,379,0,267,26,547,86,5,422
6138201406,76,0,0,0,0,0,0,0,0,0
6138408569,188,0,0,0,0,0,0,0,0,0
6160896645,393,58,20,0,9,0,36,11,0,22
6165916682,2,0,0,0,0,0,0,0,0,0
6166951114,220,0,0,0,0,0,0,0,0,0
6167939889,147,0,0,0,0,0,0,0,0,0
6188761029,46,0,0,0,0,0,0,0,0,0
6189510768,159,0,0,0,0,0,0,0,0,0
6190897620,38,0,0,0,0,0,0,0,0,0
6193655196,126,0,0,0,0,0,0,0,0,0
6196202904,5692,1092,343,5,225,30,711,92,17,365
6198331532,526,122,59,0,44,0,87,15,5,30
6202713027,10,0,0,0,0,0,0,0,0,0
6204582046,56,0,0,0,0,0,0,0,0,0
6205441585,125,0,0,0,0,0,0,0,0,0
6205881105,1803,437,65,0,41,3,355,21,5,77
6207208596,684,0,0,0,0,0,0,0,0,0
6212993303,455,132,26,0,21,0,115,5,0,17
6222958256,16,0,0,0,0,0,0,0,0,0
6228367391,283,0,0,0,0,0,0,0,0,0
6228936179,149,0,0,0,0,0,0,0,0,0
6229317578,10889,2462,1454,38,974,93,1905,352,54,510
6240422638,184,0,0,0,0,0,0,0,0,0
6250063925,497,0,0,0,0,0,0,0,0,0
6253229614,155,0,0,0,0,0,0,0,0,0
6257490772,638,0,0,0,0,0,0,0,0,0
6261853540,4576,826,216,10,115,6,628,85,10,191
6263240667,512,0,0,0,0,0,0,0,0,0
6264751086,1053,343,61,0,48,7,195,6,0,148
6266690843,370,0,0,0,0,0,0,0,0,0
6268556136,7398,1087,381,10,238,36,698,97,25,364
6273157023,1073,268,29,0,13,18,201,8,5,62
6273169470,145,0,0,0,0,0,0,0,0,0
6273348845,1312,248,145,0,86,22,130,40,23,95
6275310442,3222,646,233,0,164,21,377,48,18,252
6275337760,5775,751,520,12,333,50,560,131,24,167
6275878516,2245,386,245,10,170,34,284,34,31,71
6279018440,2157,287,132,7,75,17,212,33,5,70
6280623827,219,0,0,0,0,0,0,0,0,0
6284021444,34,0,0,0,0,0,0,0,0,0
6285470203,3578,782,176,0,114,15,591,62,0,194
6289082953,3777,469,325,0,203,41,346,88,5,118
6289465016,40,0,0,0,0,0,0,0,0,0
6291398593,85,0,0,0,0,0,0,0,0,0
6292815183,5609,840,400,0,286,36,619,78,15,206
6294218576,9836,1897,556,3,402,33,1254,118,35,614
6294667818,6426,0,0,0,0,0,0,0,0,0
6294895976,779,0,0,0,0,0,0,0,0,0
6296603912,71,0,0,0,0,0,0,0,0,0
6303263176,62,0,0,0,0,0,0,0,0,0
6303375973,437,0,0,0,0,0,0,0,0,0
6310738566,1288,169,62,0,33,5,85,24,0,87
6311192777,61,0,0,0,0,0,0,0,0,0
6314479132,179,0,0,0,0,0,0,0,0,0
6315077148,6,0,0,0,0,0,0,0,0,0
6316111952,70,0,0,0,0,0,0,0,0,0
6316533682,157,0,0,0,0,0,0,0,0,0
6316786740,185,0,0,0,0,0,0,0,0,0
6319395707,363,0,0,0,0,0,0,0,0,0
6319632108,2074,180,183,12,105,17,84,52,0,96
6321709347,89,0,0,0,0,0,0,0,0,0
6322076387,85,0,0,0,0,0,0,0,0,0
6322085910,813,151,49,0,30,0,108,19,0,43
6322198528,5025,0,0,0,0,0,0,0,0,0
6323963462,97,0,0,0,0,0,0,0,0,0
6324341047,47,0,0,0,0,0,0,0,0,0
6325041836,2970,526,250,0,174,9,408,76,5,113
6326095752,419,0,0,0,0,0,0,0,0,0
6326406909,998,161,93,0,70,3,78,20,10,73
6328591432,301,0,0,0,0,0,0,0,0,0
6331040057,617,108,57,0,47,0,60,10,5,43
6333687803,3007,713,341,9,226,29,468,80,20,225
6335353472,855,0,0,0,0,0,0,0,0,0
6336575519,171,0,0,0,0,0,0,0,0,0
6336738004,41,0,0,0,0,0,0,0,0,0
6336775600,157,0,0,0,0,0,0,0,0,0
6339418137,1005,128,54,0,44,5,67,10,5,56
6339975245,134,0,0,0,0,0,0,0,0,0
6341906408,58,0,0,0,0,0,0,0,0,0
6346292912,126,0,0,0,0,0,0,0,0,0
6346717993,9354,1508,745,5,527,103,1178,118,10,323
6351893808,220,0,0,0,0,0,0,0,0,0
6357893261,63,0,0,0,0,0,0,0,0,0
6360149692,71,0,0,0,0,0,0,0,0,0
6362634911,1793,266,153,0,140,3,150,10,0,116
6369289684,1041,240,148,5,92,20,196,31,0,47
6372036991,2712,409,339,3,239,15,239,82,13,157
6372622979,74,0,0,0,0,0,0,0,0,0
6375586179,453,83,60,0,40,5,65,15,8,10
6376837248,311,0,0,0,0,0,0,0,0,0
6379695734,1913,386,157,1,82,58,283,16,20,83
6380265488,2721,546,219,0,129,50,385,70,10,157
6381090469,125,0,0,0,0,0,0,0,0,0
6386799106,440,0,0,0,0,0,0,0,0,0
6387304275,3703,776,284,0,186,14,514,84,15,247
6394463889,2984,601,242,0,163,8,282,77,0,322
6396931070,948,247,88,0,45,0,197,43,14,36
6399763391,981,285,89,3,62,9,213,15,5,67
6400201860,146,0,0,0,0,0,0,0,0,0
6401295871,383,0,0,0,0,0,0,0,0,0
6401736502,112,0,0,0,0,0,0,0,0,0
6403339285,307,0,0,0,0,0,0,0,0,0
6405267090,2754,608,298,17,174,13,451,99,10,147
6408481076,88,0,0,0,0,0,0,0,0,0
6410982160,2286,324,106,7,67,10,229,27,5,90
6413376557,510,0,0,0,0,0,0,0,0,0
6414380473,79,0,0,0,0,0,0,0,0,0
6414629845,24633,5037,370,6,275,45,4435,44,39,566
6424006844,415,0,0,0,0,0,0,0,0,0
6426826684,458,0,0,0,0,0,0,0,0,0
6431352005,2756,527,214,0,107,16,321,96,10,196
6432440378,43,0,0,0,0,0,0,0,0,0
6435689265,224,0,0,0,0,0,0,0,0,0
6435895314,57,0,0,0,0,0,0,0,0,0
6436189982,679,0,0,0,0,0,0,0,0,0
6438804635,95,0,0,0,0,0,0,0,0,0
6441939738,74,0,0,0,0,0,0,0,0,0
6442750215,96,0,0,0,0,0,0,0,0,0
6445853368,137,0,0,0,0,0,0,0,0,0
6449015518,76,0,0,0,0,0,0,0,0,0
6449362306,3126,606,214,12,136,39,384,32,8,218
6450765445,41,0,0,0,0,0,0,0,0,0
6452541845,188,11,14,0,14,0,3,0,0,8
6452622403,2574,420,133,0,98,9,349,34,12,59
6459652289,392,0,0,0,0,0,0,0,0,0
6460729368,69,0,0,0,0,0,0,0,0,0
6461165718,386,0,0,0,0,0,0,0,0,0
6466121254,637,67,72,0,35,10,59,27,0,8
6472184869,88,0,0,0,0,0,0,0,0,0
6473291265,181,0,0,0,0,0,0,0,0,0
6474347838,104,0,0,0,0,0,0,0,0,0
6475448940,297,0,0,0,0,0,0,0,0,0
6477472719,12,0,0,0,0,0,0,0,0,0
6478052235,59,0,0,0,0,0,0,0,0,0
6479013621,2803,546,251,3,143,31,359,77,20,170
6479455622,7,0,0,0,0,0,0,0,0,0
6481252740,260,0,0,0,0,0,0,0,0,0
6482325664,44,0,0,0,0,0,0,0,0,0
6482332967,6,0,0,0,0,0,0,0,0,0
6483641556,385,0,0,0,0,0,0,0,0,0
6491428429,4131,707,223,0,184,17,495,22,37,181
6493099173,593,0,0,0,0,0,0,0,0,0
6495175759,132,0,0,0,0,0,0,0,0,0
6495721140,1313,213,109,5,77,9,169,18,0,44
6501963274,295,0,0,0,0,0,0,0,0,0
6504971389,6,0,0,0,0,0,0,0,0,0
6505152640,493,0,0,0,0,0,0,0,0,0
6505178873,116,0,0,0,0,0,0,0,0,0
6513994129,32,0,0,0,0,0,0,0,0,0
6517953862,1911,787,115,0,68,7,416,40,21,350
6520756227,248,0,0,0,0,0,0,0,0,0
6527766576,694,0,0,0,0,0,0,0,0,0
6528359797,2810,445,116,7,84,17,268,8,30,147
6532247263,424,0,0,0,0,0,0,0,0,0
6542164064,581,0,0,0,0,0,0,0,0,0
6542885780,289,0,0,0,0,0,0,0,0,0
6554129971,537,0,0,0,0,0,0,0,0,0
6559679402,289,0,0,0,0,0,0,0,0,0
6570739341,2320,485,317,0,202,30,345,102,5,135
6573663304,73,0,0,0,0,0,0,0,0,0
6577364883,2363,412,173,7,109,8,278,49,5,129
6577941144,1238,0,0,0,0,0,0,0,0,0
6579114934,79,0,0,0,0,0,0,0,0,0
6580586441,84,0,0,0,0,0,0,0,0,0
6587152080,279,0,0,0,0,0,0,0,0,0
6587732901,102,0,0,0,0,0,0,0,0,0
6588005531,1033,166,77,0,56,5,81,19,10,75
6588559821,61,0,0,0,0,0,0,0,0,0
6589748050,2219,0,0,0,0,0,0,0,0,0
6589865376,147,0,0,0,0,0,0,0,0,0
6592000279,746,147,40,0,25,7,115,8,0,32
6599620846,275,0,0,0,0,0,0,0,0,0
6600990813,152,0,0,0,0,0,0,0,0,0
6601339234,419,0,0,0,0,0,0,0,0,0
6601621406,615,119,50,0,44,0,90,6,0,29
6602557813,47,0,0,0,0,0,0,0,0,0
6606585440,52,0,0,0,0,0,0,0,0,0
6612075889,15414,3203,1055,22,665,109,2294,280,87,825
6612814761,217,0,0,0,0,0,0,0,0,0
6616566261,310,0,0,0,0,0,0,0,0,0
6618433962,2729,0,0,0,0,0,0,0,0,0
6619051160,6889,1451,670,22,495,29,834,136,14,603
6620275667,324,0,0,0,0,0,0,0,0,0
6623811582,1221,305,82,0,72,0,182,10,0,126
6630535479,8204,1326,1090,28,773,53,966,250,60,306
6631138494,383,0,0,0,0,0,0,0,0,0
6631181985,110,0,0,0,0,0,0,0,0,0
6640637871,381,0,0,0,0,0,0,0,0,0
6658732868,109,0,0,0,0,0,0,0,0,0
6668059999,1557,395,146,0,103,12,250,34,0,145
6669371608,122,0,0,0,0,0,0,0,0,0
6671657953,91,0,0,0,0,0,0,0,0,0
6673312488,987,0,0,0,0,0,0,0,0,0
6682017864,19,0,0,0,0,0,0,0,0,0
6694102889,13742,2099,629,0,409,46,1578,174,39,489
6709083088,359,0,0,0,0,0,0,0,0,0
6710582710,218,0,0,0,0,0,0,0,0,0
6729051807,193,0,0,0,0,0,0,0,0,0
6733523438,2062,272,67,7,42,0,169,18,0,103
6739629821,48863,11141,3076,29,2236,210,8932,624,141,2079
6741401401,122,0,0,0,0,0,0,0,0,0
6749672658,332,0,0,0,0,0,0,0,0,0
6753487837,451,0,0,0,0,0,0,0,0,0
6756547002,3082,466,293,3,251,15,329,35,5,135
6764942518,1642,245,116,0,96,5,200,15,5,40
6774532028,1383,276,125,0,88,13,211,29,0,65
6775203978,119,0,0,0,0,0,0,0,0,0
6786215344,205,0,0,0,0,0,0,0,0,0
6795298431,504,0,0,0,0,0,0,0,0,0
6800655854,197,0,0,0,0,0,0,0,0,0
6808098100,352,0,0,0,0,0,0,0,0,0
6811553296,135,0,0,0,0,0,0,0,0,0
6816044960,562,0,0,0,0,0,0,0,0,0
6816711535,2090,0,0,0,0,0,0,0,0,0
6853674773,177,0,0,0,0,0,0,0,0,0
6861040420,631,0,0,0,0,0,0,0,0,0
6867576503,46,0,0,0,0,0,0,0,0,0
6869012948,132,0,0,0,0,0,0,0,0,0
6881640248,86,0,0,0,0,0,0,0,0,0
6884916198,261,0,0,0,0,0,0,0,0,0
6890270489,324,0,0,0,0,0,0,0,0,0
6893911487,117,0,0,0,0,0,0,0,0,0
6896423093,140,0,0,0,0,0,0,0,0,0
6906649986,151,0,0,0,0,0,0,0,0,0
6911252872,4396,1302,411,9,233,30,946,149,26,335
6925264177,219,0,0,0,0,0,0,0,0,0
6929217558,98,0,0,0,0,0,0,0,0,0
6932198275,13,0,0,0,0,0,0,0,0,0
6934773874,5528,1142,659,9,486,27,649,142,15,478
6973285789,213,0,0,0,0,0,0,0,0,0
6976032477,95,0,0,0,0,0,0,0,0,0
6979239976,5406,1046,583,7,356,30,846,203,20,187
6982969289,893,0,0,0,0,0,0,0,0,0
6985053180,299,0,0,0,0,0,0,0,0,0
6988173801,126,0,0,0,0,0,0,0,0,0
6989422889,660,0,0,0,0,0,0,0,0,0
6991182262,33,0,0,0,0,0,0,0,0,0
6994289377,5905,1137,506,3,353,27,803,137,24,311
6999405456,136,0,0,0,0,0,0,0,0,0
7003101589,929,0,0,0,0,0,0,0,0,0
7012892017,117,0,0,0,0,0,0,0,0,0
7020620424,6599,1226,656,5,473,22,739,156,42,445
7021178665,1397,0,0,0,0,0,0,0,0,0
7034730429,69,0,0,0,0,0,0,0,0,0
7036430394,195,0,0,0,0,0,0,0,0,0
7043108719,65,0,0,0,0,0,0,0,0,0
7043629426,706,0,0,0,0,0,0,0,0,0
7048098928,92,0,0,0,0,0,0,0,0,0
7049611098,98,0,0,0,0,0,0,0,0,0
7062331681,38,0,0,0,0,0,0,0,0,0
7067658123,4344,776,315,1,203,23,389,88,44,346
7070075243,70,0,0,0,0,0,0,0,0,0
7070122894,157,0,0,0,0,0,0,0,0,0
7074806544,244,0,0,0,0,0,0,0,0,0
7087364485,131,0,0,0,0,0,0,0,0,0
7098468475,188,0,0,0,0,0,0,0,0,0
7103536971,451,85,23,0,16,7,38,0,0,47
7112700951,274,0,0,0,0,0,0,0,0,0
7112800948,31,0,0,0,0,0,0,0,0,0
7131513068,128,0,0,0,0,0,0,0,0,0
7152964396,381,0,0,0,0,0,0,0,0,0
7157867102,64,0,0,0,0,0,0,0,0,0
7161781175,81,0,0,0,0,0,0,0,0,0
7180847710,152,0,0,0,0,0,0,0,0,0
7184236165,96,0,0,0,0,0,0,0,0,0
7185410982,4449,975,467,9,351,19,709,96,3,263
7187388294,208,0,0,0,0,0,0,0,0,0
7190749958,301,0,0,0,0,0,0,0,0,0
7195486385,163,0,0,0,0,0,0,0,0,0
7196506327,109,0,0,0,0,0,0,0,0,0
7197208323,471,0,0,0,0,0,0,0,0,0
7203734164,594,0,0,0,0,0,0,0,0,0
7208070483,73,0,0,0,0,0,0,0,0,0
7211029002,168,0,0,0,0,0,0,0,0,0
7213181726,1428,169,136,0,112,7,107,20,0,62
7213260346,371,0,0,0,0,0,0,0,0,0
7213960943,62,0,0,0,0,0,0,0,0,0
7232319142,126,0,0,0,0,0,0,0,0,0
7233807745,89,0,0,0,0,0,0,0,0,0
7233929169,83,0,0,0,0,0,0,0,0,0
7237165682,20,0,0,0,0,0,0,0,0,0
7243134963,79,0,0,0,0,0,0,0,0,0
7244316392,263,0,0,0,0,0,0,0,0,0
7250130372,161,0,0,0,0,0,0,0,0,0
7253864960,261,0,0,0,0,0,0,0,0,0
7257602924,6404,1337,678,15,538,56,933,86,35,369
7260036850,86,0,0,0,0,0,0,0,0,0
7263618883,1126,127,64,5,51,0,87,8,0,40
7263659824,41,0,0,0,0,0,0,0,0,0
7265031722,72,0,0,0,0,0,0,0,0,0
7267505107,59,0,0,0,0,0,0,0,0,0
7270500327,120,0,0,0,0,0,0,0,0,0
7271823350,42,0,0,0,0,0,0,0,0,0
7272843333,2658,351,157,0,108,10,224,39,9,118
7273862873,32,0,0,0,0,0,0,0,0,0
7275339382,16,0,0,0,0,0,0,0,0,0
7276088099,80,0,0,0,0,0,0,0,0,0
7278985091,103,0,0,0,0,0,0,0,0,0
7288944560,183,0,0,0,0,0,0,0,0,0
7291146483,88,0,0,0,0,0,0,0,0,0
7291939622,122,0,0,0,0,0,0,0,0,0
7292080862,149,0,0,0,0,0,0,0,0,0
7295611181,82,0,0,0,0,0,0,0,0,0
7295941778,549,0,0,0,0,0,0,0,0,0
7298651536,330,0,0,0,0,0,0,0,0,0
7303014787,83,0,0,0,0,0,0,0,0,0
7309838245,340,0,0,0,0,0,0,0,0,0
7309843436,99,0,0,0,0,0,0,0,0,0
7311105397,798,0,0,0,0,0,0,0,0,0
7311548960,368,0,0,0,0,0,0,0,0,0
7312142395,185,0,0,0,0,0,0,0,0,0
7315010569,1694,410,268,19,134,21,290,102,15,111
7315562830,80,0,0,0,0,0,0,0,0,0
7319112712,98,0,0,0,0,0,0,0,0,0
7327147411,728,0,0,0,0,0,0,0,0,0
7332752363,77,0,0,0,0,0,0,0,0,0
7340227139,105,0,0,0,0,0,0,0,0,0
7344300519,44,0,0,0,0,0,0,0,0,0
7345057369,15200,1582,959,22,696,60,1055,194,15,512
7347287084,28,0,0,0,0,0,0,0,0,0
7353515104,559,0,0,0,0,0,0,0,0,0
7358844129,219,0,0,0,0,0,0,0,0,0
7360392627,268,0,0,0,0,0,0,0,0,0
7362260028,857,0,0,0,0,0,0,0,0,0
7362323016,9790,1783,631,0,456,45,1421,130,23,360
7369593632,153,0,0,0,0,0,0,0,0,0
7370735471,263,0,0,0,0,0,0,0,0,0
7375008020,744,0,0,0,0,0,0,0,0,0
7387572976,27,0,0,0,0,0,0,0,0,0
7388205314,168,0,0,0,0,0,0,0,0,0
7390860952,345,0,0,0,0,0,0,0,0,0
7391640165,1120,311,44,0,25,5,248,14,5,58
7397162334,178,0,0,0,0,0,0,0,0,0
7399958115,1176,0,0,0,0,0,0,0,0,0
7400561059,105,0,0,0,0,0,0,0,0,0
7401448497,900,0,0,0,0,0,0,0,0,0
7402921225,35,0,0,0,0,0,0,0,0,0
7403863600,116,0,0,0,0,0,0,0,0,0
7407630237,320,0,0,0,0,0,0,0,0,0
7407734770,1875,343,131,0,76,28,253,32,0,90
7414072861,652,0,0,0,0,0,0,0,0,0
7414698657,19,0,0,0,0,0,0,0,0,0
7415187545,131,0,0,0,0,0,0,0,0,0
7415212752,440,0,0,0,0,0,0,0,0,0
7416014183,142,0,0,0,0,0,0,0,0,0
7421816782,289,0,0,0,0,0,0,0,0,0
7435343643,649,0,0,0,0,0,0,0,0,0
7435415699,607,0,0,0,0,0,0,0,0,0
7435463889,1400,305,135,0,68,5,214,73,5,86
7441510268,114,0,0,0,0,0,0,0,0,0
7449616955,48,0,0,0,0,0,0,0,0,0
7455380068,282,0,0,0,0,0,0,0,0,0
7455475587,2033,830,133,0,98,10,695,25,24,111
7467495596,63,0,0,0,0,0,0,0,0,0
7469020322,579,0,0,0,0,0,0,0,0,0
7470080567,264,0,0,0,0,0,0,0,0,0
7476554956,863,0,0,0,0,0,0,0,0,0
7478706527,28,0,0,0,0,0,0,0,0,0
7479224183,53,0,0,0,0,0,0,0,0,0
7483430227,189,0,0,0,0,0,0,0,0,0
7489884322,25,0,0,0,0,0,0,0,0,0
7491221311,155,0,0,0,0,0,0,0,0,0
7495632236,205,0,0,0,0,0,0,0,0,0
7497939030,508,0,0,0,0,0,0,0,0,0
7506818793,222,0,0,0,0,0,0,0,0,0
7510982080,244,0,0,0,0,0,0,0,0,0
7513621680,418,0,0,0,0,0,0,0,0,0
7516085017,426,0,0,0,0,0,0,0,0,0
7527305425,365,0,0,0,0,0,0,0,0,0
7536244107,756,0,0,0,0,0,0,0,0,0
7537925372,1158,165,170,0,123,7,115,43,10,40
7542174619,299,0,0,0,0,0,0,0,0,0
7549355573,204,0,0,0,0,0,0,0,0,0
7552641853,109,0,0,0,0,0,0,0,0,0
7555467871,226,0,0,0,0,0,0,0,0,0
7558856597,1693,250,91,0,74,6,173,11,0,77
7562156808,213,0,0,0,0,0,0,0,0,0
7566403736,129,0,0,0,0,0,0,0,0,0
7577089471,211,0,0,0,0,0,0,0,0,0
7577194813,225,0,0,0,0,0,0,0,0,0
7580946740,189,0,0,0,0,0,0,0,0,0
7596620342,622,0,0,0,0,0,0,0,0,0
7601518468,218,0,0,0,0,0,0,0,0,0
7623115179,338,0,0,0,0,0,0,0,0,0
7625138670,11,0,0,0,0,0,0,0,0,0
7625614433,37,0,0,0,0,0,0,0,0,0
7626180178,4864,1397,325,0,248,20,1176,57,18,203
7636804942,474,0,0,0,0,0,0,0,0,0
7638840626,294,0,0,0,0,0,0,0,0,0
7649177816,106,0,0,0,0,0,0,0,0,0
7649804967,168,0,0,0,0,0,0,0,0,0
7677435428,124,0,0,0,0,0,0,0,0,0
7682654624,2588,616,430,7,316,13,458,97,5,153
7683269408,32,0,0,0,0,0,0,0,0,0
7692261145,86,0,0,0,0,0,0,0,0,0
7710424676,170,0,0,0,0,0,0,0,0,0
7712299533,119,0,0,0,0,0,0,0,0,0
7719830676,92,0,0,0,0,0,0,0,0,0
7721433770,533,0,0,0,0,0,0,0,0,0
7724291390,263,0,0,0,0,0,0,0,0,0
7733901720,132,0,0,0,0,0,0,0,0,0
7736764980,288,0,0,0,0,0,0,0,0,0
7737107620,136,0,0,0,0,0,0,0,0,0
7739819651,112,0,0,0,0,0,0,0,0,0
7741426283,14,0,0,0,0,0,0,0,0,0
7741560946,133,0,0,0,0,0,0,0,0,0
7747210324,162,4,37,0,30,0,1,7,0,3
7749172499,296,0,0,0,0,0,0,0,0,0
7749692209,3422,523,478,0,329,42,369,110,5,163
7751572783,4,0,0,0,0,0,0,0,0,0
7763652035,41,0,0,0,0,0,0,0,0,0
7763909508,127,0,0,0,0,0,0,0,0,0
7769554787,145,0,0,0,0,0,0,0,0,0
7775912308,3166,0,0,0,0,0,0,0,0,0
7781928428,161,0,0,0,0,0,0,0,0,0
7782211116,44,0,0,0,0,0,0,0,0,0
7786617167,58,0,0,0,0,0,0,0,0,0
7787936484,122,0,0,0,0,0,0,0,0,0
7788495626,120,0,0,0,0,0,0,0,0,0
7793602638,118,0,0,0,0,0,0,0,0,0
7799689600,328,0,0,0,0,0,0,0,0,0
7804545439,94,0,0,0,0,0,0,0,0,0
7804930135,28253,3650,2360,15,1584,110,2747,654,137,769
7809137197,414,0,0,0,0,0,0,0,0,0
7819072046,2371,391,262,0,188,20,271,60,6,114
