 经常暴食，时间久了感觉自己抑郁了，而且无法控制自己的饮食,7
",19岁,每天都想哭，不想吃任何东西每天，或者突然暴食，睡不着，哭到头疼每晚",7
大学生，暴食症，同时焦虑学习怎么办，每天神经紧绷，特别怕胖，我要怎么办？,7
",26岁 胸闷 喜怒无常 情绪变化特别快 不爱和别人多说话 开玩笑也少了。暴饮暴食 脑袋也不好使了。记忆力特别差 别人说什么我觉得我脑袋都不像从前了",7
",23岁,抑郁症是否会引起厌食症？现在有吃褪黑素，就是没有吃饭的欲望，可以三天什么东西不吃依然没什么感觉，可是也吃的下，这是心理原因还是身体原因了？",7
",你好，我心里总是有想着吃吃吃的，吃了太多又吐，吐了有吃，恶性循环之中，我该怎么办？",7
",我妈因为癌症11月27号去世了，我一直走不出来，夜里总是难过的哭睡又哭醒，在家也压抑到不行，瞬间泪流成河，请问有什么办法可以缓解？",7
",一个人为了肥瘦搞到心理有障碍，不运动也吃得多，吃完又后悔！除了聊吃的，肥瘦没有任何话题了，经常情绪低落！有什么方法去开导这种人",7
",25岁,前期因工作压力，家庭，感情压力导致每晚暴饮暴食(吃到很撑很难受，呕吐)，失眠长达半年。后期精神压力缓解，但是每晚暴饮暴食，不知为何不能改变～很苦恼",7
",我有暴食症 我感觉自己越来越胖越来越丑 没法好好生活",7
",20岁,过度节食 暴饮暴食 大量滥用泻剂 催吐 不想出门与人交流 感觉生不如死",7
失恋好痛苦，半个月瘦了10斤，吃不下饭，该怎么办？,7
我最觉得自己胖  吃饱饭就吐出来是不是心理作用    如果是心理作用如何摆脱,7
节食减肥瘦的过度，现在吃正常人三餐甚至更多但不吃零食，我好怕突然的肥怎么办,7
",21岁,暴食症轻度抑郁症怎么办？求指点 救救我吧",7
",暴食症5年了，控制不了自已。该如何治愈，属于心里疾病吗",7
",22岁,精神性贪食症，一年多，想彻底摆脱，该如何做，吃什么药？",7
 喜欢暴饮暴食，暴食后担心长胖，情绪不稳定，不开心就吃更多，怎样避免暴饮暴食,7
",暴饮暴食，断食，抑郁怎么办？自己很痛苦！你说怎么办",7
",出现心悸.胸闷.厌食或者呕吐.记忆力差.特别迷糊.焦虑.迷惘.",7
 暴食，催吐，还想减肥。感觉快没办法上班了，要不要辞职？,7
",32岁,孩子4岁，丈夫出轨，一直心过不去，暴食症！不知饥饱！",7
",初三节食减肥，后来有七年暴食症，现在工作了，就是压力大了就会吃多",7
 严重暴饮暴食症，已经从100斤，吃胖到148斤，特别苦恼，希望得到帮助，谢谢,7
",我每天都想着要吃什么东西！但是吃完又怕胖！又要吐出来！但是吐了又想吃！",7
 老是暴饮暴食怎么办，过后又后悔！都是减肥惹的祸…从现在开始我自己监督自己,7
 我不能看到虚伪的人，一看到就想吐，吃不下东西，以前不是这样的，以前当做看不见，,7
 暴食，有轻微抑郁，症状有有维持两年 ，近期暴食严重，体重上升好，于是暴食自责，暴食，恶性循环,7
",暴食症吃的超级多尤其是心情不好时～没办法烦死了",7
",总是想吃吃吃，不饿也想吃，不吃就别扭，自己烦恼死了",7
",暴饮暴食2年了，得了神经性贪食怎么办，好痛苦，有病友嘛",7
",我即使吃饱了还是很想吃，吃的很撑还是吃，是不是有什么问题，怎么办？",7
",我妈今年61岁，因患有胆结石于去年做过微创手术后老是感觉腹部不适。到医院检查医生说是心理问题。而且回家后吃饭少有厌食症的行为。",7
