 心情忧郁 总在晚上崩溃 因为一点小事大发脾气,4
 心情失落心理纠结老是想杀人所以事情都压在身上,4
 郁郁症严重害怕，睡眠不好，睡不好，容易发脾气，,4
 我怀疑自己有躁郁症，请问怎么去确诊，大概要多少钱,4
 夜晚经常失眠，精神很足，有点狂躁，容易胡思乱想，,4
 感觉自己是多余的，还不如死了，心理烦，有想打人的冲动,4
 怎么保持情绪的稳定？我讨厌一个人到了想要咬死她的地步,4
 十四岁，容易流眼泪，有时很烦躁，很想Si但是又不想自S，基本没有快乐的时候，有时还特别想捶东西。,4
 刚在家好好的眼泪突然就下来开始踢凳子疯了一样夜里不到两点绝对睡不着盯着天花板发呆饭也吃不下我怎么了,4
 就是突然的情绪大起大落，然后闭门不见家人这样的行为属不属于精神科的疾病？ 这样的人他当时心里是怎样一个状态该怎么去和他沟通怎么去劝导他,4
 孩子大学二年级，隔段时间就会莫名其妙的哭，情绪很不稳定，一会儿踌躇满志，一会儿又对自己很不满意，我觉得是抑郁，也开导过很多次，都没用，急得不知道咋办？,4
我经常狂躁~发脾气~心理焦虑不安~没有安全感~很自卑,4
",孩子性格怪异，脾气大，逆反心理很强，有轻微的暴力倾向！",4
你好我最近心情不好最近脾气暴躁。总爱动手大人。遇到事情想不开。我小时候父母总是吵架。现在我结婚了也总跟老公吵架。婆媳关系也很不好。我总觉得他看不起我，处事不公平。,4
我脾气现在异常暴躁，还不想说话，属于能不说话就不说话类型，而且别人给我说点什么我都很烦躁，而且还爱胡思乱想，这严重吗？,4
我情绪暴躁！总感觉心里有块大石头压着喘不开气,4
",双向情感障碍 如何治愈 今天去了医院 开了药吃",4
有时候很会焦躁，但并没有原因，而且心里难过，甚至流泪。但有时也会莫名其妙的兴奋，会特别喜欢周围的一切。这是怎么回事,4
最近一到了晚上心情很暴燥，自从生了孩孑以后心情很低落，动不动就下手打孩子，打完之后很后悔，我以经三天没和老公说话，不知道该怎么说，，,4
",36岁,性情大变 多疑 暴躁 言语多 说话时语气也不正常，边说便用手 相信六道轮回 说他是在做人 别人都是畜生。相信自己是最有福报的人 说话有时候笑 有时候哭",4
又开始睡不着乱想了，真的要疯了，有想杀人的冲动，但还舍不得孩子跟家人，自己还怕是,4
",怎办我现在有想要杀人虐待人了咋办啊啊啊啊啊啊啊",4
",23岁,经常怀疑自己有神经病，动不动就想发火，觉得生活太压抑",4
今年23 双向情感障碍  十年前得病没怎么注意 前年开始服药，这种病要不要告诉朋友,4
情绪总是莫名其妙不受控制，思想走极端，周围总是连着一个谎言，神经紧绷，总想做一些出格的事。,4
脾气比较暴躁易怒怎么改掉这个坏毛病，每次都发火几分钟火气就消了。每次都这样。经常这样,4
我是双向情感的患者，结婚娘家和婆家关系没处理好，有了孩子后家庭矛盾更加扩大，导致病情复发寻求帮助。,4
 已经在本地最大的医院确认抑郁症，我是一名高中学生，住在省会城市我该怎么办,4
",感觉生活渺茫，没有希望，心理特别压抑，有暴力倾向，想爆发，想哭，也想死亡",4
 内心总是有心结 干什么事情都会想到这个 对未来抱着消极态度 胡思乱想 越想越烦,4
 嫉妒心超强，有点抑郁症，还中度恐慌症，心情不好，老想哭，很讨厌自己，很自卑,4
烦躁常做出让人想不到的事，因喜欢一个人而堕落，经常被叫家长，与父母同学常对着干,4
",请问有没有双向情感性精神障碍的专业医生？我每天吃碳酸锂帕罗西丁各一粒，吃药5年左右。病情稳定与常人无异，停药多久可以怀孕？怀孕期间有可行的中药疗法吗？有推荐药物吗？",4
",17岁,双相情感障碍，也就是躁郁症很影响生活不知道该怎么办",4
",17岁,双相情感障碍，也就是躁郁症，童年有心理阴影使得不再相信任何人，该怎么办",4
",间歇性情绪低落，时而自信爆棚，时而极度自卑，怀疑自己。对工作有抵触，保持持续正能量很难！",4
",我朋友有抑郁症的问题，很容易发脾气，现在还有家暴的问题，而且一次比一次严重，请问心理治疗是否有用",4
 有时候突然心里莫名奇妙的难受，想哭，谁叫也不理人，脾气很暴躁很想骂，有种觉得自己好孤独的感觉，怎么回事？？,4
 生完小孩越来越没有耐心.脾气暴躁！很容易爆发.儿子一哭闹心就烦.就会把儿子一顿揍.打完就后悔.感觉儿子真可怜.但是又总是控制不住,4
",十分容易发脾气怎么办？动不动就发脾气，无论发现事情，任何一件事情都会，吃饭，睡觉，喝水，看电视，任何一件事情，能怎么办，控制不了！",4
",27岁,最近总是想一个人呆着 看看电影 玩玩游戏 和家里人在一起总是莫名的烦躁  以前一直住宿舍 上班也是自己住 现在搬回家半年了 总是莫名其妙的想发脾气 这是怎么了？",4
 性情暴躁 有点暴力狂生气的时候老想砸东西  感觉讨厌几乎所有人一句话都会让我烦上他 心态差耐心差  现在都不太会交朋友  这情况有快一年多了了 越来越严重  以前不这样,4
 长期整夜整夜失眠，心情烦躁，易怒，整天头昏脑涨,4
",双向情感障碍者。仍在吃药控制。希望得到咨询和帮助",4
" 整夜睡不着觉,经常哭，有时脾气暴躁，我是不是得抑郁了",4
",心烦 情绪不稳定 暴躁易怒。不爱交流！！对什么提不起来精神",4
",我脾气急躁，急了就动手打人骂人，疑心比较重，性格比较急",4
",21岁,脾气不受控制，情绪说来就来，越来越暴躁，感觉心里压抑",4
 嗓子有气顶。医生说脾气急。心理容易有气，积攒的。说心里病。,4
 经常会发无名火，非要用暴力去伤害家人才会轻松些，是什么问题导致,4
",23岁,情绪易激动，老感觉心里有压力，一点点小事都让我很在意，我好累",4
每天不眠、气急生气、无故发脾气、看别人都在笑我、不愿上班、请专家我该怎么办？,4
 总是爱发暴脾气，老是和我老婆生气还打她。心里没有一个亲人觉得过世的妈妈最亲。,4
 近期脾气非常不好，遇事就想发脾气，不想说话，一说话就骂人，想远离人群，摔东西，胡思乱想。,4
 情绪易怒，因为一点点小事无法控制的进入歇斯底里的状态。然后心情低落，又觉得自己发火是错的！,4
 刚做了心理测评，重度抑郁，不能控制情绪，容易暴躁，情商很低，心理年龄47，这往后的日子怎么过下去啊,4
 面对所有不满总要和对方吵，在外人眼里像个傻子一样。父母也是狠的压根痒。但是自己改变不过来。该怎么办。,4
 心情急躁的很，特别的烦躁，很容易发怒，自己总是怕，静不下心，自我测评是重度焦虑，中至重度抑郁，我该怎么办,4
",23岁,我是不是得了产后抑郁症 做完人流一个多月这一个多月疑神疑鬼 爱怒控制不住脾气 莫名其妙流眼泪 总是觉得委屈",4
 我感觉我一直都有狂躁症，一点着我就像发疯一样， 特别是生完宝宝，对宝宝都可以大发雷霆，还夹杂吓人的表情，动作，事后有非常后悔,4
 生完孩子后开始越来越不自信还很自卑。做什么都没有兴趣。害怕被责备而且变的多疑焦虑很容易发火生气。最近一年多开始睡眠不好总是在半梦半醒的状态。,4
",不知道怎么，现在脾气越来越大，完全控制不住自己的脾气，一点小事也会很生气，也很敏感。感觉自己有什么问题了，调整不过来，超级烦恼，觉得脑袋都快炸了。",4
",我最近特消极，感觉有双重人格会走极端现象",4
",感觉全世界的人都与我为敌，被兄弟过河拆桥。",4
 自从怀孕后，心情非常压抑，好像心里压了块石头。,4
",双相心境障碍，2014年7月及2015年1月发病两次，需服药几年？",4
",,双相心境障碍，2014年7月及2015年1月发病两次，需服药几年？",4
",觉得自己有心理问题，怎么办情绪一下上一下下不容易烦躁不安",4
",最近脾气暴躁，感觉被世界抛弃。是不是得了忧郁症，怎么治疗？",4
",26岁,你好我不知道该怎么办了我希望我开心起来希望我能睡的安稳",4
",只要一点点小事，情绪就非常激动，控制不住的那种，是什么情况？？",4
",脾气特别暴躁！心里压力很大！控制不住自己的情绪！生气的时候心脏会痛！还会抖",4
 最近一年多我越来越易怒暴躁而且暴力倾向也越来越重怎么办，经常会莫名其妙的烦躁。,4
",24岁,最近情绪暴躁！完事很后悔！觉得生活特别糟……没有继续的动力……是有心里疾病了吗",4
",29岁,总是开心不起来，不想越来越不想与人接触说话，烦躁的时候爆饮爆食，不想那样但是控制不了自己",4
",25岁,容易发脾气，暴力倾向，容易胡思乱想坐立不安，发脾气的时候控制不住自己，不顾后果。过后就后悔",4
",情绪反复无常经常无缘无故的发脾气有时有很温柔我自己也不知道怎么回事有时候甚至想活着也不没什么意思了。",4
",22岁,害怕陌生人，胆小，但是有时候脾气很大，即使是一件小事，我都很生气，很暴躁，什么话都能说出口，事后，会很难过的一个人哭",4
",不知道从什么时候起我很易怒，心里烦躁的时候就想所有人都去死，特别是我孩子她们吵的时候我都想她们也消失，不知道自己是不是有病了",4
",最近总是很焦虑很急躁，控制不住自己的脾气，心情大起大落，睡得很少还不觉得累不觉得困，总觉得自己是不是心理有问题，感觉特别不好",4
",34岁,我为一点小事就发很大的脾气，伤害的都是我最亲近的家人和朋友，我觉得每天没有开心的事情，我折磨自己折磨自己爱的人，我很苦恼",4
