 没有抑郁症的特征，就是想死不知道为什么。,1
 慕残，我该怎么办面对自己这种心里，改不掉,1
 我毁了我最爱的人，有负罪感，想通过死来解决,1
 我好想死啊，我想死，那样就解脱了，就自由了,1
 近一年控制不住情绪，有自残，初三不想继续上,1
 安眠药药店有卖吗吃多少会死，我撑不下去了，,1
 压力过大，受尽挫折，16岁学生，想用死亡来逃避,1
 有时候就不想活着，22岁了还是一无所有，活着好累,1
 不想活了，难受，好难受，绝望了，好难受。想死。,1
 总是想要死怎么办我总是自残心里就像压着东西一样,1
 考公立学校老师，压力大压力大压力大，感觉快抑郁了,1
 胸口闷，烦躁，失眠，多梦，恐惧，自残是什么情况？,1
 我真的好想死掉解脱。我承受不了了。我又不知该怎么死,1
 抑郁症状，我经常脾气暴躁，控制不住，伤害自己的身体,1
 想死不想活了，难过，不想活了，难受死了。不想活了。,1
 与父母的纠纷，想不开了，没希望了，世间灰灰的没希望了,1
 我想死，好想好想，最近焦虑失眠暴躁，我快坚持不下去了,1
 每天过得都不开心，想要结束自己的生命，活的太没意思了！,1
 我想死，觉得这世界上所有人都跟我过不去，他们不理解我。,1
",现在我一点想死怎么办真的很无奈请帮帮我我真的好累呀……",1
爸妈吵架把脾气往我身上撒，我今年才15，不想活了，真的，好累。,1
 我想死……想离开这个家庭不想活了怎么办我没有活下去的希望了,1
",跳楼死和上吊哪个痛苦少？还是吃药？我就想赶紧死，割脉太疼了",1
 心里自卑有点抑郁的倾向，有过自残想过死，也觉得自己不好很多余,1
 我特别容易发火，特别暴躁，不安，特别生气的时候，还会打自己！,1
总是因为一点小事就心情不好，脾气暴躁，真的气着了就会有自残倾向,1
 ，高一16岁，通过网上测试结果为中度抑郁，情绪爆发时有自残倾向,1
  16 心情不好就想着死，讨厌所有人，脾气控制不住，感觉活着没意思,1
 我现在每天都想着怎么死好，但我又不敢，可是我每天都不开心，爱发呆,1
 约死有没有人一起头像就是我本人谁可以昌充一下朋友带我离开家里？,1
 我总是想死怎么办？自己在本上写了好多想死的语句。还有一点点小失眠。,1
 心情低落，生活没意思，猜疑心中，没有安全感，占有欲强，想死欲望强烈,1
父母偏心弟弟很想死，但又怕疼555555555555555555555555555555555555555555555555555555555555555,1
总感觉做什么都提不起兴趣  心浮气躁  失眠 有时候甚至想伤害自己这是怎么了？,1
 不吃饭不喝水多久会死？我5天没吃饭了，第二天水也没喝了，咋一点事没有？,1
 我觉得在我家根本就不需要孩，我常常被抛弃，总挨骂，我甚至有想死的想法,1
我是一个十几岁的孩子，可我一直有种压力很大的感觉，总觉得抗不住了，想死,1
 情绪莫名低落想哭，易暴躁，食欲不佳睡眠质量不佳伴有轻微的自残倾向，头痛,1
",13岁,我每天都一直想去死啊，每次都被父母给骂，今天我被打了，打的我全是Xie",1
 在家隔离了一个月这一个月在家生了三场病每天都有想死的感觉我真的这么无福嘛,1
我13岁 上初一 我老是难过 成绩下降 经常想要去死 晚上也老睡不着 掉头发也特别严重,1
我从早上开始一直想死，想解脱，觉得自己很差劲，每天睡觉也很困难，心跳也很快，,1
 我遇到了一些事让我觉得我死了就解脱了我对自己很不满意我想去死下辈子再活一次,1
 想死，对任何事都不感兴趣，自残，没有动力，不想动，食欲减退，是得抑郁症了吗。,1
 我想咨询抑郁的问题。我最近有严重的轻微伤害，总想把身体弄伤，精神也越来越不好,1
 被家人骂了，干错了事，一会想哭一会想笑，有事想的很多，以前总想像自己死前的样子,1
 我总是想哭，失眠严重，我总觉得心里空落落的，我总是想轻生，我会不会有重度抑郁啊？,1
",16岁,失眠，每天都在消极情绪中，有自残行为，时常感到坐立不安，食欲不振，睡眠质量差",1
 心里很不好，觉得这个世界没有了我会过的更好，经常自残，想过无数次死，我是不是病了？,1
 你好，我总是情绪低落，常常想到死，感觉别人一直议论我，害怕一个人出门，有是还想伤害别人,1
 为什么我和父母吵架之后会自己打自己，之前有用笔扎自己扎很多洞，现在会打自己或者抓自己。,1
 我想知道自己是不是抑郁症。我很难受，难受时浑身发抖，想哭。有自残行为。觉得人间没了希望,1
我13岁  上初一               我老是难过  成绩下降   经常想要去死  晚上也老睡不着  掉头发也特别严重,1
 14，网上检测出重度阴郁，自残快两年了，不想告诉父母，他们只会再度对我发脾气，不知道该怎么办,1
 我想死。。活着好累。。每天失眠。。每天承受着谩骂，每天都受尽了委屈。。。每天自残。。哈哈。。,1
 失眠抑郁焦虑恐惧，经常赖床，难以自拨，对什么事都不感兴趣，不知何时才能挺过去，有时真想死了算了，求助！,1
我想死，可我怕疼，每天看见敏感的东西就会害怕，特别容易哭，脾气也不好，甚至还会自残，每天都想死，我怎么办啊,1
",我现在已经无法面对接下来的生活了，现在欠了一屁股债，每天都有债主追债，已经无能为力了，我想在近期结束自己。",1
 常常想过了结自己的生命，总是自我感觉家人对我有偏见，觉得我这不好那不好，想和他们说话但觉得真的没有什么话题,1
我想死！活着好难。。。。。。。。。。。。。。。。。。。。。。。。。。。。。。。。。。。。。。。。。。。。。。。,1
 我18岁。我遭受了网络暴力。被朋友的朋友骂了。特别心里难受。本来就怀疑我有抑郁症。昨天我真的有想死的冲动了。怎么办,1
 就是觉得心里面很压抑，感觉家里人都不理解我，就是很喘不上气的那种感觉，也有点想自残的念想，有哪位专家可以帮我解答一下,1
很累，每天都想哭，但又不能哭出声，想死，每一秒都想死，但又舍不得，有时真的很想有一场意外直接要了我的命，活着真的太累了,1
放弃现在，离开这个世界，是否是可以的呢? 我没有挂念的东西，包括亲人和朋友 我没有追求的目标 我现在是17岁，2020的高三备考生,1
 看起来总是乐乐呵呵的，但是失眠三年，不到凌晨一两点睡不着，甚至通宵睡不着，会经常想到去死，并且付诸行动，抑郁程度有多重,1
当一个人被周围的人伤害，她用最爱的人发誓，她真的没有去存心伤害过人，现在的她很失落很痛苦，有了自残，她不确定是否还会活下去,1
 我感觉我每天浑浑噩噩的脑子里全是怎么死时而快乐时而难过有时候会有头晕恶心的症状我感觉我撑不下去了我想咨询一下这是什么症状,1
 我想知道自己是否真的患有心理疾病，或者是障碍，突然之间不知道为什么突然之间能一瞬间哭出来，就是说不出来，很难与别人说话沟通,1
 我好像很累！总是想死，安眠药吃了，割腕也做了！总是不知道该怎么办！以前我很开朗！心也大！现在不知道为什么，总是疑神疑鬼的！,1
15岁，生活悲观，对什么也提不起兴趣，总把死挂在嘴边，觉得离开这个世界对我来说是最好的，总觉得自己怕死苟活在世上。经常会情绪崩溃,1
 我喜欢单独躲在某个地方，我比较喜欢黑暗，有过很多次轻生的想法，别人听歌都是听些开森的音乐，而我却和别人恰恰相反，这是为什么呢,1
 一直有那种就随时都有那种要是能离开这个世界就清净了的想法，上了高中后就更加明显了，感觉特别烦躁，啥都特别烦，我是不是抑郁了？,1
 每天晚上都失眠，每天特别暴躁很烦，也不知道自己在烦什么，就是觉得自己不管怎么努力生活都好不起来，没人爱自己，好累真的好累，死又不敢,1
 每天总是无缘无故的难过。突然就像变了一个人一样。以前每天晚上难过。现在不管白天还是晚上都会突然失落。经常自残砸东西伤害自己甚至想死,1
 我是一名初一的学生 我不知道自己怎么了，晚上会哭，哭到心脏疼的那种，每天都很压抑，想跳楼，吃安眠药，割腕 感觉人间不值得，我也自残过 我这是怎么了？,1
 我觉得我有抑郁症，有时候跟我妈妈吵架被我妈打了一顿我就想死，有自残行为但是没有成功，我妈妈打我不让我哭，我只能憋着，等我妈妈不在了就哭出来还有想死的念头,1
 每天晚上都很难入睡，晚上无故崩溃想哭，总是会联想到很多难过的事，甚至一些没有发生的事情，已经很久了，自残也得不到缓解，感觉什么事都做不好，什么也容易忘记，,1
我觉得我有心理疾病怎么办？我现在容易暴躁，甚至有自虐倾向。我和父母有太多矛盾，我希望能疏解一下我的心理。父母经常对我使用冷暴力，一吵架就不跟我说话，我真的接受不了,1
 医生你好，我16岁是个孩.因为感情问题.我跟我朋友一吵架就浑身发抖.冷静不下来.最近心情低落.很想自残.想死.我感觉我在这个世界上没什么用处.他们都说我差.我真的不想活着了,1
",我每天不定时就不想活了，觉得这个世界太肮脏，太恐怖！",1
_(:З」∠)_为什么我总是想拿刀子划自己并且也这么做了为什么为什么_(:З」∠)_为什么我划下去会觉得很开心,1
我性格很孤僻，经常会想轻生，我和我老公婆婆关系都很僵，可是我舍不得孩子，一直都在强迫自己，我该怎么办,1
我才17岁，，现在赌博输了1万多元，，之前就像家里要了4万多元钱赌了，，现在家里已经不管我了，我都有点想死了，请告诉我我该怎么办？,1
性别:  年龄: 21 我现在 《下面 》不行 感觉每天好累  一个月有没什么钱 看着亲戚朋友 自己没用感觉害怕面对别人 不想和别人讲话有时想到过结束自己生命。。,1
我不知道自己为什么老是会想一些奇怪的画面，有些事老是解不开，老是抱怨自己不够好了，天天都愁眉苦脸的，对自己的未来感到恐惧每天都感觉自己活的好累，有时候我真的想只杀,1
为一点点小事吵架胡思乱想，会自己伤害自己该怎么办,1
自卑，自残，焦虑，没有动力。与别人难以交流，防备，失眠多梦，噩梦,1
亲妹妹被传销组织洗脑了，想请求咨询下怎么把她心里拉回来，现在对家人反目成仇。不给钱就自残，求您帮帮我！,1
孩子上初三年，孩，有拖延症，抑郁症，作业经常拖到半夜写，前面都在看电视，玩手机等，一到写作业就喊痛苦，不想活,1
",22岁,一个人所有事情都憋着，把身边的人全部赶走，可是又孤独，分手后对所有人恶心，每天想的事情太多，有想死的冲动",1
我最近失恋了理由是他觉得我们还小觉得我幼稚觉得啦对象累所以放弃了但我却受不了我想死我想他死我又想和好我又想明天世界末日,1
我悲观，厌世，有强烈的社交恐惧症，我不知道活着到底有什么意义，偶尔会有轻生的念头，时常自欺欺人，内心的冲突越来越来强烈！,1
最近几个星期不愿意接触外人，除了一个特定的人之外都不愿意说话，一个人老想着割腕，跳河这些。还不愿意出门在家里还喜欢屋里黑黑的感觉,1
我长不高，看着别人都能长高，感觉压力好大好想死,1
为什么孩子突然不想上学了，脾气很暴躁，有时候会想死,1
我现在觉得很无耐，因为家庭婆媳的问题，我想死的心都有。,1
",孩子10岁突然不想上学了，很暴力，脾气大，有时候还会想死",1
乱发脾气，很长时间了以前觉得能控制现在控制不了了，有时觉得活着没意思，看什么都不顺眼,1
我生气的时候就控制不住情绪，自残或者砸东西，出过一次严重的车祸，，身高长了4厘米，44岁。。头部受伤。,1
我爱上了一个人，那个人之前也很爱我，可是近来变了很多，感觉得出不怎么爱我了，她曾经说过分手的话，可是我放不下她，自心里很难受，真想死了来解脱这种痛苦,1
在活两年没什么挂念的时候，我就可以去死了。哈哈,1
",遇到问题总会往坏处想 思想偏激 自残 控制不住自己的情绪",1
我好想死，觉得活着没意思。有谁能救我！我觉得自己多于的,1
我活得很累，脾气很暴躁，常经做过很多坏事，不想活了，好想死,1
你好，一直有不想活的冲动，是对什么事没有积极性，是怎么回事？,1
压力太大了，都不想活了，谁能告诉我该怎么办？？？？？？？？？？？？？？？？？？？？？？？？？？？？？？？？,1
",24岁,恐惧 害怕，睡觉不管关灯 强迫症，自残心理 害怕死人，害怕身边的人死，老是想死掉的惨状 越想越怕你越想越不敢一个人待着",1
没有自信  没有爱没有责任心   感觉自己就是个废物 很多死想死       25岁    家里就我一个独生子   爸爸63岁妈妈从小就双眼看不到，   我在外打工还没钱寄回家，我感到很没用呀，今天下来半年了还没有找到工作，想做自己喜欢做的事，因为色盲做不了自己喜欢做的事，每次找到自己感兴趣的事，每次都被色盲在病给阻挡。,1
有过自残现象，轻度抑郁症。恋爱纠结，19岁，。,1
不想活了太累了压力大的想死的不行了，谁能给我开导开导,1
我有5年的抑郁症了，怎么样才治疗好？每次需要镇静剂才能减轻痛苦，自残方式解决。,1
老婆要和我离婚了，我们一起生活了六年，有了两个孩子，我一直很努力的工作，可她却说和我过够了这种生活。我想快速无痛苦的死去，请告诉我具体的方法。,1
之前我和她一直很相爱，现在她总对我说看不到未来没有安全感，到分手我依旧对他依依不舍，我也做过很多次自残，想着曾经在一起的美好日子舍不得几乎天天在想，我是不是很压抑,1
我姐的小孩今年15岁，最近说他9月1好他要去死，说他要永生，晚死不如早死的话。他现在每天都把自己关在房间里，也不想去上学，每天还要单独弄他的饭送到房间去，然后又把房间反锁。,1
我的人生就是悲剧，情路一波三折，麻木了。有时真的想不开了～,1
感觉自己很笨、笨手笨脚的、感觉自己很没有用'、有时候想过死了,1
",感觉自己有强迫症，不知道该咋办呢？有种想死的念头，人活着好累",1
",分手后，晚上失眠！工作完全无状态，而且情绪波动较大，有轻生的想法",1
没有活下去的动力和希望了，只感觉到活着很累，但又舍不得某些人，很矛盾，天天很压抑,1
想死，对老公不满，只有我死了才能摆脱他，可是又舍不得父母，孩子，我还怕疼，我该怎么办？,1
最近自己看见刀就想伤害别人或者自己，知道这么做是不对的，感觉特别痛苦！一直强迫自己不要想，可是看见了总会忍不住去想，怎么办，真害怕自己会伤害别人,1
感觉自己有强迫症，很烦！有一次我站在楼上朝下望，总感觉自己会跳下去，于是每天都在想这事，我害怕看到窗户，一看到就会恐惧！都快奔溃了，请医生帮我看看我到底怎么了？,1
家庭不和谐，老板老是骂，老妈老是烦，不想活了,1
面对无性的婚姻我该怎么办呢？对未来我迷茫抑郁觉得活着没意思,1
",25岁,刚结婚不久，失眠，是12点以后醒来就睡不着了，而且伴随有轻微的自残现象，我快崩溃了，怎么办？",1
我心痛心烦_，像块石头压着我…不知道跟谁说，真的好想死了，叹，有谁告诉我，站在十字路口，不知道何去何丛，一个人悄悄的哭,1
活着太累了，真想结束一切。。。。。。。。。。。。,1
",因为感情，事业，现在想死的心都有，我该怎么去做",1
",昨天跳楼没有成功今天喝多了感觉晕晕的继续喝死拉倒",1
",和朋友发生冲突会对人下跪，伤害自己，特别偏激，容易乱想",1
觉得自己什么也比不上别人，无法忍受自己过多的不完美。想要死去。,1
我老是想不开，感觉心理压力好大，老觉得生活么希望，对什么都提不起兴趣,1
可以么死死死死死死死死死死死死死死死死死死死死死死死死死死死死死死死死死死死,1
",我有自残行为 拿刀割自己，我抽烟，老是拿烟头烫自己，我生气了就这样，不知道怎么办呢？",1
",此时此刻我什么也不想说只想死",1
想死，非常想死，脑子里就都是死，是不是抑郁了。但是真的好想死,1
经常喜欢自残，看见血就觉得很舒服，也习惯性的自己一个人自言自语。,1
高三，苦闷，不开心，自卑，有时想到死亡，不知该怎么办，总是恶性循环,1
我想死，不想再上学，怎嘛办啊。 以撒力太大，脾气暴躁  ，整天都有相似的念头。,1
我有的时候感觉自己很没用不如死了算啦，别人总是瞧不起我，我不想活啦，想和他们说话他们也不理我，真的不想活了，,1
爸爸去世以后遇到事情不顺脾气就特别暴躁，有时候也会砸东西。对未来也特别迷茫，整天会胡思乱想，有时候也想过死。,1
十七岁 不爱和人交流 只有一个好朋友 不会社交 脾气暴躁不能控制情绪 喜欢把事憋在心里 说不出口 控制不住自己的时候很烦躁会自残,1
真的想死，可是又不敢，心理又矛盾，真的很抑郁,1
好想跳楼，好想，好想…好想跳下去，一切就好了。,1
",21岁,心理压力很大，难过和生气时有轻微自残倾向",1
我有一段失败的感情，忘不了，有轻生的念头。肿么办,1
 我因为心理有点问题，看到别人拥有的，自己却不如意，有时还会伤害自己以求快感怎么办?,1
",我也不知道自己是怎么老是一到了晚上就会兴奋激动想要杀人虐待人还失眠真的是受不了自己了",1
昨天啊上班时间被一个流氓性骚扰了，我那时很烦就自残了而且还大闹了一场。这是不是神经不正常了呀？,1
",20岁,经常觉得没有得到被人的重视，拍拖拍得很吃力，觉得朋友不爱自己，一遇到事情就哭大吵大闹，很多情绪",1
 老师你好，我现在一个人时候情绪突然很激动，很会胡思乱想，怕自己会疯了，还会有虐待自己的冲动，老师我该怎么办？,1
 每天不高兴，不想见谁，就能遇见谁，学业压力大，害怕自己学业差，总感觉生活有什么意思，严重时想死！求帮助，谢谢！,1
 总是有杀人，暴力，破坏等一些阴暗想法，每次有这种想法都会自残，我知道自己不能那样做，可是又控制不住那些想法，我快疯了。,1
 脸上有好多痘痘，心里特别有压力。正当美的年纪怎么能被这些痘痘害了呢。每天都会哭，我特别在乎的东西，却一直都不好。甚至想到轻生，,1
 马上大学毕业了我贪玩没有拿到毕业证，现在很痛苦我想死一了百了，可是我好不甘心，高中我也曾经努力过，再见了，这个世界。我不知道我的未来在哪里。,1
我刚上初一，我就喜欢跟一个生玩，可他老是跟别人玩，我也是的，我有时想死，可有时觉得放不下那个它 ，为他流泪  ，我自己创了个小号，骂别人，还割了手,1
 忧郁，心理压力大，觉得没意思，想自我了结,1
 情绪失控有自残倾向  情绪受到刺激会全面奔溃,1
",不想上学，家人逼迫，不想活了，我该怎么办？",1
 我跟朋友总是吵架，我经常拿刀子自残逼迫他，,1
 自残上瘾 有什么麻烦就感觉特别焦虑 喜欢伤害自己,1
 很多时候会想要去死，因着放不下一些事物而坚持着。,1
 我不想和别人交流，总觉得人生好累，常常有割腕，跳楼的冲动,1
 不想活了，干什么都不顺，招人讨厌。。在家里被骂，工作也没了,1
 很忧郁，很多时候都想死了算了！每天要想好多好多的事情，头都要炸了！,1
控制不了地自残怎么办,1
 父母说我没用。经常。我想去死，没有活着的必要，可我不知道到底是我错了还是他们,1
",我觉得这个世界让我讨厌，生活千篇一律，无聊而且没有意义，而且还有轻生的念头。我该怎么办！",1
 每天胡思乱想，对生活没有想象，  在家里家人每天骂我，  已经看透人生了，不想活着！特别想死。,1
",为什么我一听到家里有人吵架就很想哭，严重时会呼吸急促，抱头大叫，用拳头用力捶东西，有自残倾向。",1
",伤心难过两三年，他现在要结婚了，他伤害我，我想死并且决定去死，但有点舍不得家人，我不知道该怎么办",1
 不想活了我跟我父母已经很久没有说过话了，她们也不给我钱，就这么让我在家呆着，也不关心我每天有没有吃饭,1
 我爱上一个生，可是家里人要逼我嫁给一个我不喜欢的生，我该怎么办，现在每天压力都好大，好想死，死了一了百了,1
 每天呆在家里时不时就会想死有时候我会觉得自己的想法好可怕会时不时流泪，，，明明知道错了还不改还会对着镜子看自己半天，，，，,1
 我要离婚，很难做决定，舍不下孩子，老公当我死掉了一样，十多年的家实在放不下，可我们变成了陌生人，我很不甘心，想死的心都有，,1
",想死 自己赌钱输了 把车也抵押了 现在每个月要还5500 然后还欠几个朋友20000。现在压力好大  不爱说话。不爱出门 朋友也不爱联系 自我封闭了",1
 总莫名其妙的发脾气，感觉很累，很烦躁，感觉世界上就没有安静的干净的地方，有时候都不想活着了，感觉自己没有价值，太累太烦了。如此我有心理问题了吗？,1
 和他分手后，不知道从什么时候开始，我有了自虐倾向，对自己下手也不会犹豫，总是怀疑一切，感觉自己变得神神叨叨的，有时候特想哭，有时候特想笑，不想和外界联系！我该怎么办！,1
",为什么我经常有轻身的念头。经常情绪低落。",1
 遇到无法解决的事情会想到轻生~且曾轻生过一次~,1
 老公有外遇给我抓了，我闹了，我老是有想死的心,1
",跟朋友吵架以前喜欢打他 现在经常虐待自己 自残",1
 生意不好，还有外债，总有想轻生的念想，好几年了,1
 我时常感到孤独，还有自残的现象。这是什么病啊？,1
 爱幻想，有自我伤害，自我摧残，自我折磨，心里 总是说谎，,1
 心烦心烦心烦心烦.想死特别想特别特别想死。突然感觉很强烈,1
",总是想轻生。很多事情自己承受的太多了。已经到了极限。我受不了了",1
",半年了 几乎天天梦到死去的母亲正常吗 经常会想不开 想死 可是没有勇气",1
之前只发现全世界不喜欢我，我也不喜欢自己，喜欢自虐，现在发现我还喜欢一个自言自语,1
 在家里什么都被管控，家人三句不离催婚。父亲是酒蒙子。在厂里处处被针对。不想活了,1
",我有自虐倾向，暴躁，控制不住情绪，极端行为，不知道自己是性格问题还是心理有问题。",1
 没有心思学习，只玩游戏，有自残现象。人生没有目标，对什么无所谓，视力下降，只有0.4,1
",我跟一个已婚人恋爱了，可是每当我说要和他分手，又忍不住找他，他不理我，我就会自残！",1
 我是一名高二学生，因为表白被拒，经常自残，拿小刀玩，分分钟见血，我不知道怎么办。。。。我还想读书。。。,1
 我近一年来，因经济收入，母亲的生病，家庭等压力，总控制不少情绪，发脾气，失眠，厌食，总自责，内疚，至多次自残自己！,1
",最近压力很大，创业失败，投资失败，也不想结婚，有时候想消失在这个世界上面算了，好像没有什么可以留念的，除了可笑的自尊心……",1
 因为要每天在家照顾大小便失禁的老人，承担压力，总是喜欢在家发脾气，跟家人争吵，自己也不开心，都达到自残行为，不知怎么办是好,1
",分手后想复合，可朋友已经喜欢上别人了。很难过。恋爱前因工作压力有轻微抑郁，现在更加严重，有轻生念头，吃任何东西都会吐。求助.....",1
 应该怎么说了。现在的我很烦恼，心理好烦，父母干舍我的生活，让我离婚，要是不离就不认我这个儿。。有几次想要轻生的念头。。。烦，烦，,1
",老师您们好，您们真的有好的死亡方式吗？我真的不想活了，活着没有意义但是，我怕疼，如果您们真的有好的死亡方式请告诉我，我愿意付费咨询",1
 我已经对家人没有感情 感觉活着没有意义    自己一个人不发病  有人看我 不管看我的人是谁  都会露出自恋的表情  在人多地方感觉所有人都在注视我,1
",我刚又咨询了一位老师说我严重心理问题已经接近神经症类心理问题，压抑，抑郁，攻击性非常强，说完之后我好害怕，我想死，但还是怕疼，怎么办",1
 因为家庭问题，最近总有种想要消失掉的想法，一直挥之不去，又怕伤害到自己的母亲，纠结中，虽然知道是不负责任的想法，但总想让自己就这样解脱,1
" 脾气突如其来的很暴躁 想的很乱， 遇事不会说出来 憋的东西很多 很想哭有的时候 有自残倾向,心里很压抑，不想跟任何人讲话，见到人就怕，不像出门只想一个人呆在家里",1
 抑郁症想从这个世界消失，好痛苦每天，好烦,1
 身体压抑，难过，我割腕了，之后又烦躁不安,1
自卑无奈而且不想活了怎么办，感觉没有价值了。,1
 感觉自己抑郁症严重了 老是想死 老公不理解我,1
 自卑抑郁症怎么办？老是不想活了，每天都会哭,1
 还有没睡的老师吗，真的想死，觉得死是一种解脱,1
",一生气就想自残，看到血就会放松。这是什么情况",1
 心里有很多怨气化解不开怎么办？有点厌世的感觉了,1
 总觉得难过  感觉自己是多余的  有时会有想死的冲动,1
 我被情所困走不出来了，有一点不想活了，几乎都要崩溃,1
 如果我在世上找不到自己用处，感到自己活着是个累赘该咋办,1
 我真的过得很累很累了，以后的日子都不知道怎么走下去了。,1
 没有一天是开心的，生活过得很灰暗，没有意义，想解决生命,1
家里的唠叨 不信任感觉好烦 怎么会有怎样的父母呢  哎 不想活了,1
",想解脱，想离开这个世界，我感觉我接受不了他跟我分手的现实",1
 心理安静不了，感觉压力很大，不知道自己要做什么，不想活了,1
 为什么心情不好想自残，极度难受就感觉心塞莫名的想拿自己发泄,1
",害怕和人接触，厌世，觉得活得很累，总想赚很多钱但是又没能力",1
过节丈母娘家都不来，不打算过了就不要过了就离，这样有什么意思,1
 我老公总是帮着他的酒肉朋友骂我，我受不了。现在我该怎么办？,1
",27岁,经常想死，不想吃饭，不像动，不知道活着有什么意思，很压抑",1
 有自残现象。总觉得自己很废物。什么时候都干不好。是不是抑郁症？,1
 心里自卑       总是拖延   对生活没有希望    自我评价低    甚至想过死,1
 游戏沉迷，不与家人沟通，如果家长没答应他滴要求，他都采取了自残,1
",突然有种不想在世上活着的想法了，心里一直压抑着自己 真心扛不住了",1
 我发现自己心理扭曲，很冲动焦虑，老有极端的想法冒出。我该怎么办？,1
 有时候觉得活着很没意思，世界上有很多人，我偏偏觉得好像只有我一个,1
",13岁,遇到不开心生气的时候就会掐自己掐的淤青请问是不是有自虐倾向？",1
 我不想再过这种日子了，所以我选择结束自己，我让他们都后悔那样逼我。,1
",出轨回归家庭，老公始终放不下，自己也会情绪失控，接下来该怎么生活？",1
",我怀疑我得了抑郁症。家庭和感情发生太多变故，今年十八，有轻生的念头。",1
",自从自己知道没有亲生父母的事，老觉得自己不该活在这世上，常常做梦哭醒",1
 感情问题导致，我感觉自己心里有病了，对生活感到绝望，总是想结束自己，,1
 对生活很悲观，有厌学轻生念头，喜欢一个人又怕一个人，脾气急躁，没有耐心,1
 最近有时候心情有点暴躁而且经常有总厌世轻生的想法我想咨询下这是怎么回事,1
 有自残心理，无外界因素，就是想拿刀片割自己流血，看到自己流血就很平静。,1
 我今年16岁，初三就辍学了，总感觉活着好累，不如死了算了，总为自己前途担忧,1
 因为儿子做生意陪钱，心理压力过大，变成抑郁症，发生自残，怎么疏解心里压力,1
 我真的很累很累了，被逼的走投无路了。有什么办法可以让我睡了，都不会再醒来的。,1
 我妻子车祸死亡！3个多月了！我俩感情很好，我想去陪她，可是还有孩子。我怎么办？,1
 你好，我有抑郁症史，最近又复发了，觉得自已像个废物，干什么都不行，非常想死！,1
 我对象请他的朋友喝酒我总是因为他喝多了  在他朋友面前跟他闹  还有一种想死的冲动,1
 我有抑郁症，宝宝快出生了，还有一个多月。可是我经常都轻生的念头，很想说说话现在,1
 我想轻生，想起自己将要写的遗书内容我却想哭。但并没有因为这样我就想放弃那念头。,1
 我现在高中了，经常会在半夜哭，会经常想起小学被人欺负的场景，经常割腕，怎么回事？？,1
 最近一段时间好端端的，心里面突然特别难受，低落，感觉整个人都不好了，什么都不想干，想死,1
 您好，我初三了，这次二模我考了全班倒数，在年级也是倒数，我不想活了，不想再给爸爸妈妈丢人了,1
",21岁,我不想活着 活着很麻烦 家庭离异 父母双方都有人照顾 我不想结婚不想有后代 只想结束自己的生命",1
",23岁,我做生意赔光了所有钱，家里拆迁300万和车，还有房子都没有了，妈妈和我受苦，怎么办？我想死。",1
",22岁,我发泄不到自己情绪会自虐，自虐完以后心情会平复很多。我经常觉得自己能看到鬼，经常鬼压床，",1
 对自己的未来没有希望，对工作没有信心，感觉自己像个废人，什么都做不好。想学点知识吧，总是学不精。,1
我总有想死的想法 而且负面情绪特别特别容易起来 现在对于工作也不积极 能不去就不去 我现在很痛苦 谁能帮帮我啊,1
",我感觉我在亲情爱情友情都不如意，身边很多人都不喜欢我。我感觉我一无所有并且很孤独，很痛苦，我不想活了。",1
 我跟我朋友在一起8年 从三年前开始我们一分开我就受不了 甚至轻生 现在我刚没有了孩子  又要跟他分开 我接受不了,1
 我现在怀孕四个月了，老公对我不止一次动手，说我能过就过不能过就离，孩子有没有了都对他也无所谓，我该怎么办？,1
 他是个很不靠谱的人，父母还以死相逼的要我跟他结婚。我真的很想死，我准备好了农药，我真的不想再过这种日子了。,1
 我妈妈脾气很暴躁，我成绩不好，她每次都哭的稀里哗啦，去医院检查过，有轻微精神问题，我现在觉得自己一点都不想活,1
 26岁离了两次婚了，刚刚离婚，老回忆很头痛，家里积蓄都花光了，欠了6万得债，现在想死得心都有了，头好痛，我改怎么办,1
 我是一个内向的人，我时常感到受排挤，我不明白我对他们很好。时常请客，为什么不接受我，时常会有一种想自残的想法。,1
 学习上的失败，向暗恋的人表白失败，连身体也开始变差我该如何是好！每次下雨心情特别平静，平静到想去跳楼，想一死了之,1
 生过孩子之后性情大变，急躁，极端，莫名其妙无法控制的哭泣，半夜突然醒来想把自己的胳膊撕烂，锯掉，非常极端的心理。,1
 我的心情天天都很压抑……不知道怎么了 我听到外面的人说我的不是  影响了我的正常生活  工作  我现在连工作都没了我好烦 想死,1
 我只要一上学父母就认为我什么都不好，哪都不对，我觉得我都快崩溃了，死的心都有了，没事就想火大，我不会有什么精神问题吧？,1
 凌晨4点出了门去见现任 他说要分手 然后我不想。。。然后他就打了我几下 回到家给父母知道了 并且喝着我要叫他出来 不然就没书读,1
朋友突然变得很冷漠，很不当我存在，一生气就用脏话来骂我，还打过几次，很小气？没有责任感，都脱人，Uffff  .我么办可以结婚吗？,1
 和朋友说一些事情有分歧，我会不高兴，而且我会发脾气，说话带刺逼着他说分手，分手自己也不高兴，而且会没完没了的闹，还会想死,1
 我是一名全职妈妈，带着两个孩子，可是去年开始，情绪很不好，一句话一个动作都会让我大发雷霆，很讨厌现在的自己，甚至有想死的念头～,1
 最近我觉得自己非常嗜睡而且经常呼吸困难容易发火，抓自己感觉不到疼痛，最近一次我爸打我我竟然萌生了就那样死的念头，觉得生活没意思了,1
",我弟弟失恋了，他对象不想跟他谈了，他就去纠缠人家，还说些很偏激的话，比如你不跟我谈，我就天天到你单位找你麻烦，还有自残行为，我该怎么办",1
16 迟早都会死掉的，与其那样更想让自己的死亡方式可控，。人的深处都是恶心的，所有人，我也是，生而为人令我惶恐 ，。却有既陶醉又恶心，像只臭虫一样还在活着,1
 心情压抑，感觉压力很大，工作注意力分散，早醒，中午睡不着，有想死的时候，婚姻恋爱问题严重，就算有人喜欢我，我也会因为想太多，然后拒绝，我还有救吗？,1
 洁癖十分严重  每天反反复复洗手洗脚 自卑觉得做什么都没意思也没意义 有时会有想轻生的想法 脑子里反复出现一些画面特别是以前很尴尬的事 等等 应该去看心理医生吗,1
",自从引产以后，每天吃不下，睡不着，很敏感。老公也没什么时候陪我，经常和他吵架。他说一句什么我都会很在意的想半天。越想越哭。也有了轻生的念头。其实就是很粘人。",1
我喜欢他两年为他打胎付出那麼多，可他有朋友也不愿意分手，如果我选择离开 我不甘心，让我一个承受所有痛苦，我是不是应该告诉他朋友我给他之间的事，让他们和我一起痛哭,1
",因为自己从小脸上有一个胎记，所以从小到大就很自卑，包括找工作和交朋友都觉得别人会用异样的眼光看我，有时候常常会想要消失在这个世界的念头。请各位老师帮帮我！谢谢",1
",我妻子出轨了，回来叫我原谅她，我们结婚5年，恋爱3年，总共8年，有一对双胞胎4岁，可是我的脑子老是浮现他和别的人Xxoo的画面，我很苦恼，苦恼到不想活了，请问我该怎么办？",1
",17岁,心里就像压着一块石头 在学校虽然会笑但是心里还是感觉不舒服就是有块石头的感觉 有时候在房间一个人哭 不知道为什么就是想哭 我才十七岁就觉得生活没希望了 想死可是不敢死",1
 我发现老婆利用聊天工具跟一些人聊天！我心里就堵的慌！而且那个难受的根本无法形容！有时候会想真不如死了呢！也因为这样老是吵架！我不知道是不是我想的太多！我该怎么办啊！,1
 我总是想结束自己，却又害怕， 总是想努力改变，却总是半途而废， 我很想和身边的人好好的，却弄的身边的人都离我而去。 自卑，猜疑，惊恐，失眠，嗜睡，齐聚一身。我该怎样走下去,1
 为什么我觉得老想死，为什么我觉得世界很小,1
",现在坐在楼的顶端 是否该结束这一切呢。",1
",我想死，别人对我不好，我认为世界没有爱了",1
",悲观没安全感爱发脾气总想死没办法正常相处",1
",不想活了，觉得人这一生不过就是重复重复。",1
",我是一个病人，痛并想死，可还有一些事放不下",1
 感情遇到问题就想自残，是不是得了抑郁症啊？,1
",父母逼着生二胎，我最坏的打算就是离婚和去死",1
",心理问题，感觉自己有病，心里很纠结，郁郁寡欢",1
",17岁,可不可以通过医疗的方法，使自己忘记一些事？",1
",欠别人几百万，该怎么办啊，欠别人几百万，该怎么办啊",1
",我失恋了，朋友跟人跑了，咋办？钱也没有了。不想活了。",1
",总是想死，可以选择一走了之吗。天生不同的我不想好好活下去",1
 我走路不自然怎么办，现在都很少出门了，不想活了，已经8年了,1
",生活压力大总是想去死又不敢死，经常会独自一个人哭，头还很痛",1
 从孩子离开以后，这一年多会无缘无故的发脾气，有时候会想到死,1
",烦人类，恶心人类，受够了自己。受够了人类！我想去另一个世界",1
",每天都觉得不开心觉得活着没意义感觉人活着就是受罪就是等死",1
",我以伤害自己为乐，我决定自残让我愉悦，很多时候我想自残和跳楼",1
",我的生活压力大，自己爸妈都不看好，我想要轻生这样是不是就可以呢",1
 我感觉我好累，心累，我该咋办？有一种想轻生的念头，活的好累好压抑,1
 我觉得我要被我爸爸逼疯了，每次我爸爸说完我    我就会有想去死的想法,1
",最近总有自虐倾向，而且真的做了，总想让自己得病，是不是心里有问题。",1
",遭遇了一连串身心的打击，最近总是产生了轻生的念头，越来越强烈，求助",1
",从不相信任何人，总有毁灭一切看到的美好事物的感觉，最近有点想轻生。",1
",自己跟自己对话有幻听别人喊我不想去人多的地方三年来一直有死亡倾向",1
",21岁,发现边缘人格障碍好几年了。但是这几年总想死，绝望，什么都干不了。",1
 每次吵架朋友就是自残，，让我害怕，，也不得不听他的，，我们已经好了6年,1
",32岁,有时候会不知道为什么莫名其妙的发火感觉生活的很累有点想轻生的念头！！",1
",我没有一点自信，经常有活不下去得想法......总是喜欢自己躲家里哭.眼泪止都止不住！",1
",我玩黑彩输了10万元，现在催债的人来了！我不知道该怎么办！也没办法！想死的心都有了",1
",心情不好，经常会想死！觉得什么都没意义，经常会觉得难受的哭！和父母说话就焦躁！",1
 觉得自己生活得很累，活着也没有意义。不想做任何事，不想学习不想吃饭，不想睡觉。,1
",觉得生活黯淡无光，生无可恋，好像从来都不知道什么是希望，看什么都是“灰色”的。",1
",16岁,做过人流，老觉得在赎罪，还有轻生的念头，我是她朋友，她老是哭，根本没办法，",1
",情绪不稳定，要么很乐观要么很悲观两个极端，容易纠结有强迫症，很矛盾很烦恼，想去死",1
 失眠烦躁并且不喜欢联系任何人甚至想干脆一死了之就好了 不愿意与人有太多联系时常头疼,1
",29岁,一直想死，不想出门，害怕工作，就想死，又不敢，害怕父母难过。活着真累，了无生趣",1
 抑郁，焦虑，悲观厌世，错误的价值观，好痛苦，有两个糟糕念头一直在脑海里，如何缓解一下,1
 你好，我一直很压抑，总是开心不起了，心里发慌，呼吸困难。总是想用死来解脱，有自残行为。,1
 心里很多东西压着释放不出来，情绪越来越暴躁甚至自己都控制不了。情绪来的时候就想死，想自残,1
",总是因为以前经历过的不好的事感到困扰，情绪变化会非常大，会有自残轻生的想法，我这是怎么了",1
",我会经常性的急躁，然后会摔东西，喝完酒以后会自残。做什么事情都提不起兴趣。很厌烦一些人。",1
",26岁,已婚，很相爱自从进入婚姻不停的吵架，现在很悲观对婚姻失望，对自己失望，有很多次想死的想法。",1
",年轻的时候受过伤，19岁怀孕过然后分手了,21再一次恋爱，又分手,15年跟我恋爱我才发现她有时候生气会自残",1
 感觉死了就解放了，死了就不用整天烦这烦那，我觉得死了就能做到平时梦里想过那些事，死了就一了百了。,1
 在生气的时候控制不住自己的脾气   会有想自残的倾向  觉得生无可恋  信任不了所有人  亲人 包括自己的父母,1
",心情不好，失眠，睡不着，没有食欲，觉得世界都背叛了我，不相信任何人，不知道该怎么办，还不如死了好。",1
",每天提不起精神，对什么事都不感兴趣，看淡了生活中的一切，认为死了会解脱一切，喜欢安安静静的一个人发呆！",1
",就是感觉厌世，但在外人面前表现还算正常，甚至是开朗，对做什么事都提不起兴趣，没有动力，性格上还有些许自卑。",1
",我有自虐现象，就是在平常想哭，不想让自己哭，我就掐自己，今天感觉有点严重，胳膊掐出血了，把我的胳膊都咬破了",1
",受到委屈难过遇到麻烦事情心里难受就想不开而且很难调整情绪以前喜欢自残拿刀片划自己的手我会不会是抑郁症啊。",1
 我患有重度抑郁症3年多了，我感觉我已经没有活下去的欲望和勇气了，反正我的病也好不了了，，，这样的我还有什么活着的意义呢？,1
",总是因为朋友以前的喜欢的姑娘别扭每天都会别扭因为他以前的事久久不能释怀，想起来就闹心就暴躁，有时候觉得活着没什么意思",1
 我整天脑子里会故事乱想，什么都会去想控制不住，整天觉得神经绷的很紧，整天想睡觉，但又觉得睡不醒，记忆力衰退，觉得生活没意义,1
",经常会感到心烦和无力感，对什么事也没有兴趣，脾气越来越大，有时候会感到绝望，只能通过自残的方式让自己情绪稳定下来，越来越嗜睡",1
