 走路的时候，陌生人摸头发给我看，感到恐惧,3
 睡不着，老是想东想西，待在房间里有种恐惧,3
 想问问这是有抑郁症了吗？如果有了该怎么办,3
 如何治愈恐惧症和焦虑症？极度没有安全感！,3
 烦躁情绪心理压力大天天烦失眠恐惧身体伤呢,3
 十四岁，心里焦虑不安，心慌，失眠，情绪低落,3
 抑郁怎么控制自己情绪不确定是抑郁症没检查过,3
 我觉得我人格分裂强迫症抑郁症种事觉得好烦躁,3
",焦虑不安，睡眠半睡半醒，心慌，老是胡思乱想",3
",40岁，有抑郁焦虑史，觉得很烦，也不知道为什么",3
 焦虑，可否提供焦虑症测试，感觉自己有焦虑症状,3
 总觉得自己病的挺严重，天天乱想，弄的牙痛，头痛,3
 晚上经常心里乱想恐惧，睡不着，还有莫名的恐慌感,3
 最近胸口闷，心脏不舒服，莫名的焦虑。睡不着觉。,3
",我身体一不舒服就总是往不好的方向想，总爱钻牛角尖",3
 请问焦虑，情绪低落，失眠，暴躁是心理出问题了吗？,3
",25岁,我自己经焦虑不安 还有癔病 怎么办？我快崩溃啦！",3
 多疑，焦虑，感觉周围人很容易议论自己，压力特别大,3
 性心理扭曲变态。特别喜欢别人虐我。现在的我很焦虑,3
 我爱上一个人，很在乎，很害怕失去，所以经常失眠抑郁,3
",每天都开心不起来，很烦躁很焦虑，觉得活着没有多大意思",3
 很焦虑，没办法疏解压力。工作生活上的烦心事都放不下。,3
 我最近老是头痛容易胡思乱想控制不住自己的情绪晚上失眠,3
 心里总是会不自觉的想很多事怎么办，食欲不振，想得心烦,3
为什么我看到别人或者看到别人的照片就下意识的想他不久会死,3
 紧张害怕是手抖特别是人多的时候总觉得别人一直在盯着自己看,3
 睡眠特别不好，听到动静心里就害怕，晚上特别恐惧，特别紧张,3
",临近考试紧张焦虑恐惧，没办法投入学习？有办法吗？能帮帮我吗",3
 婚姻问题，老公出轨，总感觉痛苦，每天想到这样事，就睡不着觉,3
",37岁,整天心慌，老感觉自己有病，老发脾气，一点小事就大吼大叫",3
最近感觉很抑郁，高中学生，感觉要做的事情很多，要做的题目也很多,3
42岁，三个月前得过一场脑梗，从此留下心理阴影，老担心复发影响生活,3
 自己不能做主，总感觉要有不好的事情发生，紧张烦躁不安，惊恐，！,3
 总是感觉自己得了心脏病，有时候晚上睡不好，恐惧和害怕，要怎么办,3
",突然胸闷、心慌、气短、不愿意和人说话。感觉头被什么东西塞住一样。",3
 怕死，浑身上下有一点小毛病都觉得会死陷入一种莫名的恐慌，我很害怕,3
 焦虑怎么治疗？  怎样正确自信自己？ 人际关系没有的人怎么改善人际关系,3
 总是怀疑自己有病。反复检查。就诊。体检报告都正常。总担心自己会死去,3
，22岁。我最近情绪有点低落，感觉自己和别人没有话题好聊，有时候会焦虑,3
 特殊时期，焦虑、疑病导致呼吸不顺，还经常在下午三、四点出现鼻塞的現象,3
",备孕一直怀不上，导致自己特别焦虑，无法放平心态，而且刚刚离职，没有收入",3
老是想着朋友 总想这黏在一起 她不在我身边就总感觉不好整个人情深状态都不好,3
每天都睡不着不想上学很累不知道为什么要活着总是莫名烦躁经常走神集中不到注意力,3
",情绪总是失控是怎么回事，一根筋拉太紧，太紧绷了……………………积累压抑失控",3
 我时常感到很多疑，怀疑朋友和别的生聊天，感觉没有安全感在感情方面，很焦虑,3
 我情绪特别容易激动，经常冒汗，手抖，胸闷，反胃等，很难入睡，有什么办法可以解决吗？,3
 想要考研，特别焦虑，和家里人争执，有的时候会莫名奇妙的哭，对于喧哗的人群，有畏惧和惧怕的心理,3
 每天上班，压力大最怕老板找我，工作中手心直出汗，就怕出错。已经工作几年了以前不这样，怎么办？,3
 我想离婚，感觉离婚是对自己唯一的解脱，感觉就要崩溃了，可是离婚了又担心孩子，好痛苦，要疯的感觉,3
",特别难受，想出屋，各种憋的慌，给我弟弟喂饭，面条有点算了，现在好担心啊，我尝了一口，这会儿有点想吐",3
 我最近心情不好，总在家闹，而且总是没事找事，总怕这怕那的。我爱钻牛角尖。（我是一个有精神病史的人，我没有工作）,3
 我时候做事，还是睡觉前都会很焦虑，对吃东西和抽烟有依赖性，睡觉不缩着睡或者抱着东西，感觉没有安全感。我是不是我心里疾病了？,3
",16岁,已经高一了，特别焦虑，总是特别在意别人的看法，别人的一句话我都感觉是在讽刺我，每次都要细细的琢磨他们的话，甚至有点自卑",3
",18岁,白天烦躁不安，集中不了注意力，晚上郁郁寡欢，觉得人生没有希望，自卑、有时又自负，一名高二学生，觉得自己快要撑不下去了。",3
",我老想着我儿要是被剪刀扎着怎么办，我儿才5个多月，但是现在我每天都这么想，每天都这么想，一有时间就想，非常害怕，我该怎么办",3
失眠严重，焦躁不安，还有点恐惧，也不确定到底恐惧什么，夜里就是特别难以入睡，就算入睡也是经常噩梦，睡眠很浅，有点动静就醒 该怎么办？,3
 每天都焦虑心烦压抑，也不知道为什么，想的事情也特别多，年纪也不是很大，却活的很累，这是为什么啊？请问有什么办法可以不在心烦焦虑么？,3
 有时头特别疼，上课精神特别容易分散。特别容易发脾气，无缘无故想要发脾气，摔东西。突然感到烦躁，想一些不该想的东西，对异性的感情减退,3
 感觉有点焦虑症，晚上睡觉有点困难，一到睡觉的时候就不知道自己要干嘛了。然后就会失眠。总在想一个问题，睡觉时候要想什么才可以快速入睡。,3
 情绪反反复复，比较讨厌社交，最近有点焦虑，半夜总会醒，睡觉时不能有一点点声音不然会惊醒，厌学，经常暴饮暴食也有时候一段时间东西都不想吃,3
我妈妈压力比较重，一个人抱着枕头去餐厅的餐桌上睡觉，把灯关掉，然后静静的趴了一会好了很多。经常睡的房间不想睡，隔壁房间睡又感觉太孤独。什么原因？,3
",我是92年出生的，刚跟前友分手2个月，我身边的朋友家人，都没有催过我结婚的事情，但是不知道为什么我自己特别的焦虑，可能是身边有很多同学都结婚生子了",3
25岁，，我总觉得别人是坏人，会害我，嘲笑我，我今年回家被催婚，不过我工作没稳定，家里给我买房我怕房贷都还不上，怎么办，我压力大，焦虑，无法正常生活,3
 五年前在月子里跟婆婆生气，差点气的我成神经病，从那以后就睡不好觉，失眠多梦，我想咨询一下我现在特焦虑，睡不好觉，爱胡思乱想，请心里老师给我疏导一下,3
 疫情闹的，最近这几天呼吸困难，不咳嗽不发烧，就是有点上不来气，赶紧好像要抑郁了，总感觉自己得这个肺炎了，但是自己知道，这一个月没接触外人，就是感觉害怕,3
 11岁，最近开始怕水的声音，一听到水的声音就头晕害怕。还好像什么东西都盯着我，有东西在跟着我，每天晚上做梦都会哭，不是谁死了就是毕业了，要不就是爸爸出轨了,3
 今天指绘时，把脑子里一直存在的画面画出来了，最近真的很焦虑，每天早起浑身酸疼，好像没睡着一样，每天易怒，容易发抖，我想离开，我不知道这是怎么了，真的很令我焦虑,3
 有轻微社交恐惧，害怕在公众面前发言，容易脸红，并且是特别红，越想控制就越不受控制的脸部发红发烫。一旦脸红，就很担心别人会嘲笑自己，真想找个地缝钻进去，很苦恼。,3
 有焦虑症，而且自闭，会莫名其妙的哭和笑，不喜欢阳光，很怕黑，天黑的时候不敢出自己的房间，感觉有很多东西要抓我，只有自己的房间和怀里才是安全的，能不能有啥办法解决,3
 自从我老师讲过Hiv，我就有点害怕，虽然我没有传播源头，没有传播的可能，但是因为害怕我还是去医院检查了，然后检查结果也是健康，但是我心里感觉是检查错了，心理很痛苦。,3
 31岁，最近因为生病胃不舒服又不能做胃镜和幽门螺杆菌检测，还有工作上的事情在非常时期换工作带来的压力，产生焦虑不安无法睡眠，胃病症状严重更导致心理阴影，甚至要死要活的,3
心理焦虑症，不安，极度自卑，胆小懦弱怕事，要怎么改变,3
我是不是得了产后抑郁症？总是什么事往坏处想。宝宝五个月。,3
我是孕妇可是我每天都害怕的睡不着觉，害怕与人接触，精神非常紧张,3
总是莫名的悲伤。患得患失的，长期失眠，有时觉得活着没有什么可留恋的。,3
性别:  年龄: 40 我现在换上了一种病，心里老是有压力，心里紧张，现在有点失眠，请问有那位心里专家帮助我一下，谢谢,3
我是一名中学生，平时学习不错。但每次考试都很紧张，心情焦虑，有时胃疼。出了考场再看卷子，不会的也会了，做错的也能发现了。我怎么才能克服着自己的紧张呢？,3
",33岁,医生说我得了焦虑症，我要怎么去克服它？发作时很难受",3
晚上一个人睡觉总是怕鬼，明知道不在心里还是要去想！怎么才能克服呢？,3
可是紧张就学习效率不高啊，深呼吸后还是不舒服，就是挺着急的，我是个高二理科生,3
",精神不振，脑子里经常会出现各种血腥的场面，比如说孩子脸被划破，心情会莫名烦躁，心慌",3
",总是有一点点事情就非常焦虑，遇到一点小挫折都会纠结很久很久，所以一直生活在抑郁中，要怎么办",3
没有工作，高中毕业，已婚已育，几次失败的工作经历之后产生很强大的挫败感！现在很迷茫，不知道该干什么！,3
",你好！我老婆太强势了，太任性了！她说什么就是什么，不听她的就吵架，天天吵而且都是小事，我快崩溃了！",3
",被友伤害过三次，最后一次是肉体出轨，现实中我还是原谅了他，有一年了，再没有发生过此类事件，可是，我老是做这种他背叛我的噩梦，被惊醒，我该怎么办",3
请问，焦虑症状应该怎么缓解？（经常紧张，大脑紧绷）,3
有一点焦虑。心烦。。。，压力大。。。在班里学习不好。。在家里不受人喜欢,3
感觉每天都注意力不集中，心理有问题。。强迫症，抑郁症。。悲观。。。不知道如何是好。。,3
我总是无缘无故的郁闷闹心有时候会因此睡不着觉总是无缘无故的担心好多事我想问这是怎么了,3
好像是恐婚  又很想结婚 又怕结婚后得不到幸福 现在脾气不好 有点小事就胡思乱想  想请专家帮我解答一下   谢谢,3
",,我老是觉得我有时候发病的时候脑子里想的那些不好的东西可以被别人知道，而且我怀疑的这个事有百分之八十正确",3
",18岁,我性格十分内向，胆子很小。在晚上睡觉时总是听到别人不易听到的声音，时间长了也不知到自己听到的是不是真的。",3
",你好、我这两年老是心里烦躁不安、而且经常晚上睡不着觉...容易发脾气...老是想一些莫名其妙的事...有时还会想不如死了算了...我能怎么样调整我现在的心里状态？",3
我很压抑，感觉压力很大，我喘不过气，很难受，心里很难受，我知道那些都是小事，但不知道我怎么这么钻牛角尖，我想改，但真的改不了，我还有救么，没救我又该怎么办,3
昨天去做核磁共振，一进机器感觉心慌，不舒服，,3
经常会想到死亡并且十分恐惧，但不会持续太久。,3
怀疑自己有书写心理障碍，怎么才能消除？非常困扰,3
害怕得狂犬病，陷入恐慌期。睡眠不良，夜晚难受。,3
我结婚三年了，最近感觉很压抑。心里莫名的烦躁。,3
",26岁,自从以前看了恐怖片。只要一到晚上就会害怕",3
工作？考研？好迷茫，好无助，选择恐惧症，焦虑症。,3
焦虑症！心跳特别快！感觉自己不行了！恐惧害怕！怎么办！,3
",患有焦虑症。患有焦虑症。总是紧张。 紧张时不敢与人对视。双眼无法聚焦。特别痛苦。怎么办",3
我马上进入高三了，情绪不稳定，有时特别烦，也不知为什么烦，今天烦的啥也没干!这是怎么回事?,3
整天犯困 没精神 做事没有积极性，总是喜欢多想，啥事都闷在心里，比较烦操 做事注意力不集中该怎么办,3
你好，我压力好大，我现在在学主持人，非常想学，可就是学不会，来了快一个月了，啥也没学会，我好难过。,3
晚上睡不着觉  注意力不集中   做什么事都提不起兴趣   每天都觉得很无聊   总觉得别人过的比自己好  想找人聊天却发现找不到人,3
",我因为性格暴躁 不好 导致和老公吵架  不不敢像想老公会离开我 每次就以生命危险  下图是老公说的话 对我 老公说我自私 心狠 P",3
36 ， 经常会想到圆形转动物体，感觉人跟着在转，会很紧张，而且觉得越转越快，想转移注意力都不行，头会发晕，很害怕很紧张，,3
36 ， 经常会想到圆形转动物体，感觉人跟着在转，会很紧张，而且觉得越转越快，想转移注意力都不行，头会发晕，很害怕很紧张，,3
我最近感觉每天都没有精神，晚上却睡不着觉。白天不想说话，说话也很累，对什么都不感兴趣。每天心里很慌，很紧张，但是不知道害怕什么。这是怎么了呢？,3
以前失眠过，现在总是担心再失眠，其实现在也没失眠，只是心里老担心，老发慌，这是怎么了？我该怎么办？我刚高考过，打算复读，必须尽快调整好，希望你们能帮我,3
有点焦虑可以吃舍曲林吗，但不是焦虑症，请回答，谢谢,3
请问焦虑症怎样治疗。就是晚上睡不着觉，脑子里胡思乱想，害怕。,3
感觉自己得什么病了，到医院检查没什么。想到自己有病心理就发慌,3
我朋友精神压力大，有焦焦症，怎么办，这两天工作跟同事闹毛盾经常犯病,3
",总是吵架，主要因为工作上不得意，生意又失败。心理焦虑，失眠，怎么办？",3
今年高三了，睡不好精神无法集中，失眠六年，睡不着会担心明天的学习，有时会哭,3
不想离开家，对出去上大学这件事感到焦虑，很烦躁，对未来感到恐惧，又想不上又想上很纠结，怎么办,3
",68岁,我奶奶检查心脏没毛病，但有时候老是心跳加速，两手发抖，做心里测试有焦虑症，她平常情绪本来波动大，怎么办",3
",42岁,我不知道这是算抑郁还是狂燥，每天为一点点小事就容易生气，心理慌慌的，还整天胡思乱想的，请问我这是怎么了",3
准高三成绩差书没读成还是近视眼感觉人生无望什么都做不好害怕考试一到考试吃不下饭睡不着觉真不晓得怎么办日子怎么过,3
精神无法集中 无法安静坐着 强迫自己安静坐着就会心里很不爽也很容易发火 做事总是一会做做这一会做做哪……也常出现错误,3
",为什么，我现在一看到的我就觉得我上过她，但是我的的确确没有上过，但心里一直纠结脑子无时无刻都在想然后产生恐惧",3
",在与领导，上司，陌生人，状态不佳时遇到朋友也会想清了要说什么，话到嘴边怎么也说不出口，感觉力量压制了，特别苦恼",3
",我感觉自己得了抑郁症了，心里特别的压抑，受不了老公撒谎，受不了老公藏私房钱，受不了他聊天，现在社会乱的，我惧怕他聊天，会接触到别的异性",3
你好，我从小就生了一种癫痫病，到现在快30年了，我每天都担心害怕这个病会范，导致我又得了抑郁症，你说我应该怎样调节我的心态医生？我快崩溃了医生，请你救救我。,3
我不知道是不是心理问题还是视力问题？大学毕业，马上要工作了，很惧怕面对电脑的工作，由于视力原因，每次看完手机电脑电视后，视力相对模糊。所以就害怕面对电脑的工作。,3
我就是不想去学校，一去我就浑身不舒服，并且在重点班，心里好忐忑，不想念书了，。而且我网恋过一个生甩了他两次一会对他喜欢一会又厌恶，现在又想和他和好。哎怎么办？,3
我知道自己已经是强迫思维了，疑病总害怕自己得绝症，现在的心结是强迫症会不会发展成精神分裂，一想就怕的要死，还老是自问我到底是怎么了，极力想克服就是甩不掉那样的思维,3
我老公最近神神秘秘的，打麻将老联系带的，让我感到很不安，他现在一出去我就胡思乱想，我我问他，他就说我变态，我长的不好，到底是我多疑还是他有问题，我该不该为了这离婚,3
我很怕黑，而且只要晚上听到什么声音就会胡思乱想然后很害怕，晚上的时候如果是带着那种害怕的情绪入睡的话就会做噩梦，经常我要强迫自己从噩梦中醒过来然后我就会不敢睡怕又做噩梦,3
",总是觉的过去的人会害自己，…这是不是不正常呢？",3
",27岁,我不知道该怎么办，家里人催婚，可是我害怕。",3
",35岁,你好我有严重疑心病很痛苦怎么办?能帮帮我吗?",3
"我老是担心这担心那,担心身材不好看，担心别人不喜欢我",3
我心里总是紧张，做事情特别紧张害怕，手抖，是怎么回事,3
心里有事解不开特别难受，晚上还睡不着觉，这是怎么回事,3
我该怎么办我以后的生活应该怎么办才好，一个无助的人,3
",轻度焦虑症，对周遭环境特别敏感触及到自己就会特别烦躁",3
我见到长辈时打招呼声音很小   他们都说听不到   我也不敢说大声。。。怎么办,3
与人说话激动紧张心里跳的厉害！说话都说不成经！用什么办法可缓解紧张心跳？,3
我总是喜欢家里干干净净，有一点脏乱心里就容易烦躁，站在高处就有要掉下去的感觉,3
",34岁,身体不舒服，检查都正常，就是觉得痛，总是疑心没有检查完全，感觉快崩溃了",3
",总是感觉心里压抑。可能和父母吵架有关。还有。 我马上结婚了。  晚上总是睡不着觉",3
我就是特别不喜欢看到老婆上网，一看到就焦虑着急，其实她挺好的，在网上也没做什么,3
我近段时间很害怕、自卑，不敢与人交流，心情烦燥，学习也学不进去，希望你们帮帮我。,3
不敢去厕所，没有人才敢去，或者去有门的厕所才敢去，以前没有，现在不知道怎么了，害怕，,3
",每天晚上睡不好，想很多事情，想到5点才睡着，在和别人交流时不自信，人多的时候没有安全感",3
总有伤害自己和他人的想法怎么办，真怕自己哪天控制不住伤害别人，怎么办，怎么办，快要疯了。,3
为什么现在会变成这样，每次他靠近我，亲我，我的心就好痛！以前都是开心的，现在为什么会这样呢！,3
心理压力好大。我是不是快疯了。一个人的时候，焦躁不安。心跳好快。是不是做为小三，真的是错。哪怕我们相爱？,3
我是一名高三生，我近来学习很烦躁，晚自习稍微有一点响声，思绪就会被打断 考试的时候告诉自己不要想但还是会瞎想,3
我现在临近高考，现在复习不进去，上啥课都走神，还有不知道大学学什么专业心里有好几个想学的专业，不知道那个适合我,3
",一到一个陌生场合就紧张焦虑，不敢说话，见到朋友带来的陌生朋友就紧张，一起吃饭都不自在，不敢夹菜。吃饭也很紧张。",3
",你好，我感觉自己有严重的心理问题，就是看到一些比较惨的人，我会害怕自己会不会和他们一样，特别没安全感，该怎么办",3
刚出来工作有1年了，每天工作都觉得很累，好像对什么事情都不感兴趣，很烦躁，每天晚上都失眠，有时候会出现莫名的恐惧。,3
一个人晚上的时候会失眠，闭上眼睛就感觉看到了黑黑的东西，马上就又睁开眼睛了，害怕不敢睡，我想问一下这个是什么原因。,3
我性格懦弱，做完一件事后总会想有什么后果，会怎么样，怎么补救，别人会不会打我，不理我，讨厌我，针对我，我会不会被孤立,3
一到晚上的时候，就觉得害怕，有人陪就好了，有的时候晚上需要工作，自己一个人的时候就害怕，可真的没有什么啊，我怎么办啊,3
心理容易嫉妒别人。然后独自你个人不停的笑抽。什么情况。害怕出门。等把自己关俩个月。害怕和陌生人说话交流。总是缺乏自信,3
焦虑症吃药期间眼困，学不了习，思维又跟不上去，很痛苦。但我又想学好数学，思维又不行，时间又有限，导致了厌学心里，怎么办。,3
一个人以前很能聊天，但是现在表现出来不会聊天，而且跟人说话会紧张，偶尔心情会焦虑，他说现在自己不会交朋友。请问这是怎么回事,3
本身脸也爱红，但是最近看见生不管丑的帅的我的脸都要红，而且心还跳，说话脸也红，别人说什么丢东西说坏话我也说，我脸也红！！,3
我一般得病了 ，总是幻想自己得了不治之症， 想着自己躺在病床上的绝望，  我不想这么煎熬，  就好比这次 发烧 我总是瞎想，真的好痛苦。,3
我好像有两个自我，一个是乐观，爱笑的，一个是喜欢计较，心胸狭窄的我经常被自己这种状况弄得焦虑不安，还有容易喜欢幻想，该怎么办呢,3
总是乱想自己有病，总是想会不会突然地震，坐电梯的时候会不会突然停电，或者下落。。等等。晚上睡不好觉，头疼。不敢自己睡觉。我今年23岁，。,3
我是个学生！每次换了的学校  我就特别舍不得离开了家  特别是在开学前一天  我真的都心不在焉  很想哭 我想和爸妈说但是我又说不出口  我真的好烦啊,3
今年21岁，，容易紧张，人多时 聚会 说话都不敢，说话颤音，面部紧绷，发抖，心跳加速。这种症状大概6年了。喝酒后症状都消失了。 求专家救救我。,3
",我有赤面恐惧症，以前都不会，就有一次发生了很尴尬的事我就脸红了，脸红后我发现所有人都盯着我，让我更加尴尬，从那之后，我见人就脸红，怎么办",3
",怎么克服怎么对疾病的恐惧。 我一直都是一个胆小的。对疾病都特别害怕。所以遇到小病之后各种担心。检查出来没有。还是会怕。因为感觉自己还年轻。",3
我最初就是突然尿频，后来没尿脑子里面也想，想的成宿成宿睡不着觉，总觉得有尿，现在是失眠，情绪不好，胳膊热麻热麻的，我的整个人都崩溃了，想寻求帮助,3
",23岁,没自信，与人交流就紧张，每晚失眠，想的太多，过于多疑和敏感，猜疑心太重，心情比较焦虑，抑郁，心理也很不健康，每天生活的很不好，没有激情，与人沟通很有障碍，很紧张",3
",18岁,有恐惧症，就是克服不了，已经严重影响生活了，比如现在一个人，我已经开了一整夜的灯了，都不敢睡，莫名其妙都是害怕，在家的话也要开着灯很久才能睡着，这种情况要怎么办。",3
我爱多想，心里不踏实，焦虑抑郁，拖延症，自卑,3
我生活中出现坐地铁紧张，坐公交车也紧张。不敢坐了。,3
我最近对于自己的能力总是很怀疑，心里总是莫名的发慌,3
考驾照科目二考了四次没过，心里压力很大对考试恐惧症了,3
您好，我是焦虑症患者，现在已经在吃药，想结合心理治疗。,3
",害怕黑，恐惧很多东西，我怕老了，自己这样会吓到自己？",3
总是患得患失该怎么办呢？这样生活好累，以前以为自己是抑郁症。,3
",我经常会胡思乱想，而且要去做一件事情怕这怕那的，请问我该怎么办？",3
怕和别人在一起，控制不住想别人坏处，控制不住表情，多做事表情不自然,3
",控制不住自己去想不开心的经历，越想越自卑，觉得自己没用，快疯掉了",3
我是生，总担心自己是同性恋  所以想问一下同性恋到底表现在什么地方？,3
现在很茫然没目标没方向，心理浮躁，静不下来，有时无缘无故紧张慌张。。,3
",易怒 心里沉重 因为朋友的事让我很痛苦 很累 能不能帮帮我让我走出困境",3
我老觉得老婆有出轨嫌疑，大吵大闹都半年多了该怎么办，老是胡思乱想怎么办,3
",34岁,我得抑郁症焦虑症，我喜欢个人三年多了，前几天分手了，怎么办呀？",3
强迫思维怎么治?严重性强迫思维，并且泛化了，生活中的各种小事都会强迫思维?,3
谁帮我辅导辅导，我心理有疾病，很长很长时间了，很烦很烦，各种毛病，不知道怎么解决了,3
我焦虑一年了，但是症状缓解了。前两天还出现胸闷的情况。下午或晚上严重。我是不是有神经症啊？,3
我年24岁结婚两年，宝宝一岁，，我总是在意我老公婚前有没有过性生活，总怕他出轨，这是为什么啊,3
我最近不知道得了什么病 整天头晕 焦虑都说我是心里问题 想咨询一下心里医生像我这种情况应该怎么办,3
遇事不能自理，焦虑不安，幻听，疑心病重，不敢与人接触，总是喜欢把自己锁上，感觉别人都讨厌自己,3
心里害怕，很恐惧，总觉得自己下一秒就成了神经病，越想越怕，而且尿也很多，总觉得尿憋不住，腿也很软，怎么回事？？好痛苦。,3
跟朋友没话说  见面了  我就会只愿她不说话  自己心里还不高兴  总好想多  她不爱我啊  在外面出事啊  跟别人乱搞啊  唉心里乱的很  怎么办,3
我怀孕的时候，见了前友，可孩子生了，心里想这孩子不是老公的，我心里是不是有病，现在每天都想这一件事，我越想越害怕，我该怎么办，我快要疯了，,3
我最近老是怕自己得绝症，一想到绝症就不想吃饭了，,3
如何能排除担心和焦虑，担心不能入睡，睡眠也不深。,3
心慌，烦躁，焦虑，对以后很绝望，请问老师们我是怎么,3
",26岁,一点事不顺我心就感觉非常烦燥，心发慌，喘粗气",3
手里没钱了，感觉心里就特别难受高兴不起来，而且老想哭,3
总觉得自己有病，自卑，焦虑睡不着，心悸难受。该怎么办,3
",失眠有两年多了！很难入睡！喜欢胡思乱想，早醒。多梦",3
为什么我会突然间心里烦躁不安 总觉得周围的人都有点讨厌,3
我压抑痛苦不堪啊失眠精神萎靡不振头疼胸口疼吃东西不消化,3
睡不着觉怎么办？连续一个月了，睡不好觉，请给个建议吧？,3
有人时签字有发抖写不成字，没有时写字正常，如何解决呵？,3
我得了恐惧症，抑郁症怎么缓解，。。。。。。。。。。。。,3
",恐婚，害怕被友背叛，各种烦心，各种的害怕被别人抢走",3
总是爱怀疑别人这是怎么回事？疑心率重请给答案吧！！！！！,3
我好像得了情感依赖症，我该怎么办，求解！有没有能帮到我的,3
",同一件事情做过很多次，但是每一次都控制不住还是会发抖？",3
请问孩子不愿出门接触人，甚至怕见人，并且有抑郁现象怎么办？,3
我从几星期前天开始每欢次到了个晚上就心不安有我种不好的感觉,3
自学心理学对帮助自己走出容易焦虑，悲观不自信的状况能有帮助吗,3
自己不会为人处事，焦虑，敏感，难以分清楚爱情友情，没有自信？,3
总是觉得很焦虑，心里也是闷得很难受。想要发泄又不懂该怎么做。,3
经常害怕得病，恐癌怎么办，有点小毛病就去百度查对号入座怎么办,3
经常想到自己曾经患过抑郁症，无法摆脱怎么办？ 觉得自己的不正常。,3
",,26岁,一点事不顺我心就感觉非常烦燥，心发慌，喘粗气，有一年时间了",3
我是一名高四生，感觉经常后悔选择复读。而明年高考也即将到来，我很焦虑,3
怎样做到专心于一件事，我最进做事总是无法集中精力，老是走神，怎么办？,3
",怎样才能让自己静下心来，心里总是乱糟糟的，即使眼前有事做也精神不集中",3
",18岁,每天晚上都睡不着，害怕看不到明天，只有在天亮的时候才敢睡怎么办？",3
你好我就是莫名的烦躁压抑很在乎身边的人怎么看我总觉得我自己心理有什么问题,3
",我妈妈得了焦虑症，对任何事情都过度担心，害怕，严重失眠，该怎么办呢？",3
我欺骗了我朋友半年，好怕被他知道，我每天心里都好怕，整天提心吊胆，怎么办,3
我老是恐惧一件事情，不忙的时候，就会联想，想着想着就会哭，我是不是一种病态啊？,3
老师们，我老是有孤独感，朋友太少，并且长这么大，没异性朋友，感觉特失败！正常吗？,3
总是想太多事情，一件事情总放在心上，拿得起，放不下。很焦虑，想的太多，而且容易幻想，,3
双11出了车祸，现在老板催我去上班，感觉很焦虑，不想去上班，但又不得不去，整个人没了重心,3
老觉得别人知道我想啥，最近有思想障碍，总是重复想，搞得我见了人都紧张的不行，见了人瞎想,3
感觉自己得忧郁症了，讨厌白天，喜欢晚夜，害怕见人，患得患失，情绪不正常，注意力无法集中。,3
大二学生 最近突然焦虑 易怒 精神敏感 待人语气也很差 和朋友总是急眼 睡眠也不好总是凌晨了还不困,3
",害怕做火车和汽车 只要一想到做火车心理就害怕。害怕做很快的车 ，心跳快。火车一开就想让他停下来",3
你好，我有问题想问你。嗯，嗯这段时间我觉着嗯我得了一种疾病，可能是一种心理疾病，嗯，希望您能帮我分析分析。,3
我是一名大四的学生，但是我发现有社交恐惧症而且也阻碍了我的发展比如说有陌生人主动和我说话的时候，就觉得全身发麻，应该怎么办呢？,3
感觉人很烦躁，脾气不好，睡眠不好，对未来不知要如何去规划，我结了婚两个小孩，老公也对我很好，小儿子有先天性心脏病，明年要做手术。,3
你好，我年龄小不知道心里为什么特别的烦，有点小事不顺心就爱发脾气爱生气，，心里什么都不想但是就是不知道烦什么，，我想问问为什么，，,3
总是莫名其妙的紧张，现在发展到慌张，遇到陌生人明显，遇到熟人也是如此，总觉得气氛不对劲，说话语无伦次很做了坏事似的，这种感觉很难受。,3
心情特别累，总是能把不好的事情想到自己头上，比如谁的东西丢了，或者别人说话时总感觉那个人是自己，可明明不是，为何自己还要多想。心慌？,3
逃避别人的眼光， 说话紧张，过度的应激，当别人从你生变走过时你就会感觉他要打你那种感觉，然后身体的某个部位就过度的紧张，，然后就不舒服,3
对同学的窃窃私语很敏感、对心里造成很大影响、有时会时不时的想起、心情就会很压抑、开心不起来、就连呼吸都变得沉重了、很影响学校、我该怎么办？,3
心里老想一件事，想放下的时候，却又放不下，你放下了有会前思后想，每天就想这一件事，想这想这都不相信自己，对自己没信心，感觉心里很恐惧，很害怕，,3
情绪低落，整天闷闷不乐，对友情爱情失去期望。对自己失去信心，很想考试取得好成绩，可是考试的时候紧张得手抖。脑子全乱了。越想做好就越做不好。害怕面对这一切,3
最近总是很焦虑  没有安全感  不知道怎么了   是抑郁症吗,3
我以前是焦虑症现在我都不知道自己是什么病了，变化无穷,3
实习前焦虑症状     我是学护理的    有什么好方法可以缓解或者消除,3
站在马路上总是想像自己或亲人被撞，站在楼上就看到自己摔了下去，,3
社交恐惧症一直困扰着我……不知道该怎么办？吃了药～好像更严重～,3
无法集中注意力。第一次出现是由于中考压力过大，后来越担心就越无法集中注意力。,3
我告了领导，领导已经怀疑我了，担心以后报复，心里忐忑不安，吃不进去，睡不好，害怕,3
",心理真的很难受，半年了，一直走不出来，真的很怕被别人知道我跟那个已婚人的事情",3
"我老是担心自己有病.，如癌症，艾滋病，生活中一旦出现问题，如流血了,发热等，都很担心",3
",明明很困了，却不想睡，常常焦虑，心跳加快，觉得自己很没用，忧伤，发愁的事情很多。",3
想到人多的场合，不是兴奋，而是焦虑和恐惧感，有点社交恐惧症的感觉，一方面又觉得自己没用，常常觉得矛盾痛苦。,3
心理很浮躁，不知道为什么静不下心来，做事情心不在焉，现在很难受，我这种情况每年都有几次，心理难受，怎么办？？,3
我是一名高三生。之前有过焦虑现象在吃完药后变好。近期又有焦虑现象。心慌。浑身没劲。正在吃药。如何克服心慌烦躁?,3
最近总是感到焦虑，做什么事都提不起劲，很不自信,3
我就是老觉得自己得了啥不好的病是的感觉左后背酸痛,3
。我睡觉时总是会想着尿尿，尿了之后没几分钟又会想着尿尿，从而导致失眠。,3
总是杞人忧天，担心自己或家人生病或有什么状况，很烦躁，很忧虑，应该如何调整？谢谢,3
",28岁,怎样可以从一段失败的感情中走出来。并且自己还患有重度焦虑症，病发躯体症状。",3
 请问感觉社会环境不适应，莫名恐慌。害怕异性，怀疑自己有恐症。心理痛苦怎么治？？,3
",怎么客服紧张心里，不敢上台说话，心里很紧张，别人看我做事也紧张，好多年了怎么办呀",3
非常怕死，怕父母有一天离自己而且，自己也会离开这个世界，一切都与自己无关，失眠怎么办啊,3
",自从身边有几个人死后，一直怕自己猝死，焦虑睡不着觉，越想越害怕怎么办，睡不着怎么解决。",3
你好医生，我最近一段时间总是怀疑自己得了大病，一有点不舒服就怀疑害怕？哎？困扰我很长时间了,3
 烦躁想到班主任做事方法就烦，虽然现在放假在家可还会想到班主任平常的为人害怕我下学期学不好,3
",总是胡思乱想 极度不安全感 认为自己一直处于灾难或者将要处于灾难之中  焦虑 抑郁 人际关系紧张",3
我好像有社交恐惧症，不敢和室友相处，不敢看别人的眼睛，每天都不说话，还有强迫证，我该怎么办？,3
为什么自从上学期间睡觉被吵醒几回后，每天都睡不好，但是放假了就睡的很好？很担心开学后还会睡不好。,3
工作经常犯错，而且是一些很低级的，越想做好，错的越多，见到领导紧张。犯点错误，心里就特别担心，紧张。,3
",您好，我最近越来越不能控制自己的情绪、会突然的伤心或者失落，还会做梦周围的人都讨厌我，这是怎么回事呢",3
妈妈总觉得自己有病， 但是做了全身检查医生都说没问题，有时候偶尔跟她说话觉得有点不正常。我不知道该怎么办,3
 感觉自己朋友很少，社交恐惧，最周围人的一举一动过于敏感，总是下意识的拒绝和别人走的很近，怎么调整自己,3
最近跟朋友见面吃饭就会突然没有食欲，而且吃一点就饱。还容易消化不良。见任何朋友都会这样。在家一点事都没有,3
因为生病总是治不好，心里负担大，对大夫失去信心，不想看大夫，感觉自己活不了了，特别焦虑，失眠，睡不着，需要帮忙,3
每天都承迷一件事，自己明白，还是担心，心里不安，总担心以后，乱想，想些不好的事，怎想打起精神，乱想打不起精神，乱想的紧张，,3
你好，最近压力特别特别大，感觉都快喘不过气了，而且又没有什么办法改变，这种感觉一直消散不去，特别焦虑，这个人感觉都快疯掉了。,3
去医院住了一次院，出来就有焦虑症了，跟朋友在一起，等人，激动，心跳就加速，血压猛增，去医院检查什么都是正常的，医生说这都是焦虑症引起的,3
",23岁,,持续好几年了，脑海经常莫名其妙地纠结焦虑，一点点的事也能让我纠结半天，甚至很难思考和集中注意力。真的影响很大，感觉这样子很痛苦啊",3
我是高三学生  最近心理特别不舒服  总是爱胡思乱想，想一些让自己害怕的事情而且还控制不住的深想，害怕自己变得可怕  自己很难受  痛也特别痛  求帮助,3
 请问最近老是感觉害怕，特别是到晚上，心慌恐惧，感觉自己会得各种病，非常没有安全感，闷闷不乐，有种要发疯的感觉，不知道活着干嘛，但又不想死…,3
",最近总是在想一些关于死亡的东西 感觉特别的惧怕死亡 感觉很恐惧 在想死之后会怎样我还会是我吗 我还会有感觉吗 想守住现在想什么都不变 很害怕很害怕",3
",52岁,工作环境换了之后不适应 内心感到空虚孤独寂寞焦虑 睡眠不好 眼睛闭住就胡思乱想 控制不住自己内心 工作的时候又在胡思乱想 精力不集中 控制不住自己",3
",35岁,你好，我是一个孕妇每次他对我不好的时候我经常脑子会有这样的一个想法，宝宝生出来闷一下会是什么样子，或者宝宝死了是什么样子，我怕到时候控制不了伤害宝宝怎么办？",3
你好   渐渐的  这两年  总会想很多很多    总是害怕自己老了  总是害怕自己死了之后  总是在想人死了以后  到底是什么样子的  有鬼魂吗等等的问题  总是在想人死了以后   什么都看得见明白  却感觉不到,3
我老怀疑自己有心脏病这是啥精神病，我快崩溃了,3
 头痛，为什么总爰紧张，疑神疑鬼的，有些焦虑呢。,3
",焦躁，心情不好，找人唠会，时刻要爆发，身体难受",3
 我经常会幻想我得癌症，开车的时候觉得下一秒会出车祸！,3
 我缺乏安全感有社交恐惧症应该怎么办，希望专家给点意见,3
",您好，心里觉得自己特别焦虑.闹心，有点事情心里承受不住！",3
 得了植物神经紊乱，每天无精打采不喜欢出去，头晕，心率快,3
",特别自卑，害怕把自己的想法说出去，会失去别人，特别恐慌",3
 在外面吃东西，因为太多人，脖子会发抖，不敢吃，怎么回事？,3
 请问社交恐惧症，通过两次浅催眠，再加上行为治疗就能好吗？,3
",总觉得自己得了什么大病 身体不舒服 检查还没问题 恐病怎么办",3
 性格柔弱，处于恐惧的世界，感觉不熟悉的都是坏人，还有神鬼,3
 厌学，脆弱，身心疲惫，自卑而又傲慢，好痛苦，常胸闷，离神,3
 感觉不到快乐，活着没意思，意志力下降天天都很难受，度日如年,3
 焦虑，担心会发生一些事情，越担心事实越会发生，影响工作、生活,3
 因为某件事情让我很害怕得癌症，我该怎么办？天天都很恐惧，很不安,3
看了好多猝死新闻，总感觉自己会出事！怎么办啊？已经影响我的生活了！,3
",感觉自己有社交恐惧症。容易紧张，对于别人是小事而我却容易想得很多",3
18 整天胡思乱想，控制不住，注意力无法集中，听课听不懂，失眠了快半年了,3
老是感觉自己得病了   上网一查感觉什么艾滋病 癌症都和自己有关   今年15岁,3
 时刻要上厕所，总害怕会尿裤子上，其实又没有要尿，是心里紧张导致:。,3
",社会交往障碍，极度自卑怎么治疗啊？心理烦闷上火。反应迟钝大脑空白。",3
 疑病症强迫症怕死很痛苦怎么办？天天胡思乱想生活没有一点乐趣，非常痛苦,3
 人多，尿不出来，人多，不敢大声说话。情绪紧张，手上，身上，起荨麻疹。,3
 感觉自己胸很闷而且最近经常喜欢深深吐气，而且内心有莫名的不安和恐惧。,3
",孩9岁早晩头晕，白天正常，吃饭正常，不想上学，有三个月了，是怎么了？",3
 变得开始有洁癖了，有个小伤口就特别担心，心理慢慢变得狭窄，特别怕艾滋，,3
",28岁,胸口疼痛，后背疼，刚做了胸片，做了心电图，怎么这么难受。喘不动气。",3
 我患了十几年社交恐惧症，现在更加自闭，身边一个朋友都没有，很痛苦，怎么办,3
 胸口绞痛，钻心地痛，脑子麻木、恍惚、胀痛，到医院检查又没有任何器质性病变,3
",23岁,感觉自己有社交恐惧症。每次和别人吃饭出去玩会紧张，面对人多说话也一样",3
",为啥我总是缺乏安全感，总感觉别人要找我的麻烦。成天担心这样担心那样。求帮助",3
 从小到大，只要家里来了陌生人就会躲进房间里直到陌生人走了才敢从房间里走出来,3
我朋友洗澡的时候会自言自语  洗澡的时候感觉有人偷拍他  感觉他自己随时会死 怎么办,3
",做完人流以后一直失眠，情绪低落，容易生气，对以前感兴趣的事情也提不起精神了",3
 特别惧怕死亡，害怕突然会死亡或者想到以后会变老死亡都特别害怕，怎样才能不去想,3
 不知道从什么时候开始，每天都过得很压抑，总感觉时间过一天生命就少一天的感觉。,3
 过度担心自己身体壮况，担心自己会得心脏病，其实心脏没有问题，就是虾担心，该怎么办呢,3
",你好，请问心理问题的失眠怎么办，越怕失眠对身体不好越是控制要早睡，越这样想越睡不着",3
 脑子空白想不到东西，不会说话。一分钟之前的事情会忘记目光呆滞，会幻想。恐惧感，焦虑感，,3
",我17岁，自己心里一直想着杀人，自己又害怕某一天丧失理智杀人，心里一直想着杀人会不会心里暗示杀人？",3
 有癫痫疾病  经常会莫名害怕紧张  一紧张手都会抽搐  不敢工作  连基本家务都不敢做  家人都说是心理原因 我该怎么办,3
 我怀第一个孩子的时候经常穿不上来气，特难受，现在想要二胎了，现在就出现怀第一个孩子时的症状了，特害怕怎么办？,3
 现在又开始考试报名了，连报名都困难重重，现在的我也不知怎么了，有点事情，想着想着就会流眼泪，谁能告诉我，帮我,3
 我有3一4个月了，心里感到恐慌、害怕。做事太认真就心里好闷。整天晚上做恶梦，睡不好。吃了好多药也没见好。怎么办？,3
 我感觉自己像是神经衰弱，总是想没用的东西，注意力不集中，没耐心，晚上一闭眼总胡思乱想，睡眠质量差极了 怎么办。,3
焦虑症，抑郁症，强迫症，失眠症，到底该怎么治疗？怎么拜托失眠，紧张，焦虑，身体僵硬，胡思乱想？头好累，整天好累！,3
 老是发火，对老婆小孩也是，儿子成绩也可以，他平时做的一些事不让他做我就发火了，老是控制不住自己发火，过后又后悔,3
 你好，我心里想的话，见到人说是不出来，打电话紧张连称呼都叫不出来，严重影响找活，心里总是想的是自卑，怎么回事呢,3
",为什么我总是受别人的情绪影响，判断不出好坏人。而且经常恐惧焦虑，害怕陌生人。感觉生活没有奔头。很敏感脆弱，过于依赖别人",3
 还有4-5个月就要会考了，很担心自己的成绩考不及格，考不上好的高中，现在每天晚上都睡不着，都在想那些考试的事情，心情很烦躁不安,3
",社交能力差，不自信，没生活方向目标，对时间恐惧，总是感觉时间不够用，朋友很少，没能力，学历再高也找不到人生目标和方向，失眠",3
 焦虑不安，害怕，但不知道为什么。总在为未来而担心，害怕自己有病，也害怕父母身体不好。晚上睡觉入睡难，半夜多次醒来。内心慌乱,3
 迷茫，做一些事情是感到罪恶，知道没用，知道不好，却停不下来，什么方面都无所作为，一直在担心，一直在害怕，害怕失去，害怕走错路,3
",快要结婚了，婚期在两个月后，最近感觉特别烦躁，很容易发脾气，经常为了小事就控制不住对准老公发脾气，都不想结婚了，感觉特别焦虑！",3
",最近决定身心都很疲惫感，别人在我旁边大声说话或者一直聊天整个人就受不了感觉整个脑子发胀，，感觉要爆发，崩溃，想要砸东西，发脾气！为什么会这样",3
",一着急紧张就发抖，遇到和领导喝酒人多的时候手就发抖，精神长时间紧张怎样放松，心里想的多，胡思乱想，心里一麻烦就乱动，心烦意乱的，放松不了，31岁！",3
请问真有脑子病么？脑子怎么了，怎么治疗？头整天好累！睡眠好差，头上面的神经不会控制了，紧张感一直存在，自己左右不了头顶那块，我怎么了？有治脑子的么？,3
 每天心情都很烦躁 脑子会想很多东西 静不下来 听力也很差 一句话一个字不对心眼 心里就要爆炸 对谁都不相信 家里人好像都这个样子 如何走出来 恢复以前的快乐呀,3
",29岁,宝宝是早产儿，一直贫血却查不出原因，因为一直担心她，每天观察她的状态，自己总是过于紧张，会想一些很可怕的问题，现在还在哺乳期，感觉自己越来越压抑",3
 考研失败，准备二战，但睡不着觉，感觉快睡着的时候突然一惊“要睡着了”这个念头，然后就睡不着了，自己知道二战什么的没什么大不了的，可就是睡不着，怎么办？,3
 谁知道这是怎么回事，经常莫名的心里烦躁，心烦的时候心跳快，出汗，胡思乱想，犯困，老怕自己得病，感觉心里好像有东西压着发泄不出来似的。有时候想哭也哭不出来。,3
我想改变自己的命运，本人34了，我想参加一次事业编的考试，可是一学习，脑袋就胡思乱想，注意力极其不集中，紧张，压抑，头疼，失眠，谁能帮帮我，能学进习去，快乐的学习,3
 总是想获得别人的关注，得到别人的认可和赞扬，总是争第一，得到自己想要的却不是满足开心，而且担心会失去，总是杞人忧天，想的很远，而且不好的结果，无谓的担心恐惧,3
",不安，总是担心什么，经常感到焦虑，晚上睡不着，总担心友背着自己干什么，经常吵架，爱胡思乱想，脑子一直在想事情，没有停下来的时候，怎么办，是不是有什么心理问题",3
",心情总是特别急躁易怒、有时候特别焦躁并且情绪不稳定",3
 我老多想，该怎么办，可好哭了，心里很难受,3
 总感觉自己有病是怎么回事，怎样纠正这种心理,3
 经常感觉害怕，紧张，脑袋有病，身体没力气。,3
 焦虑易怒，而且一有这些情绪波动就心脏不舒服,3
心烦意乱时该怎么办，老是心慌失眠心神不宁怎么办,3
 父亲今年刚退休，失眠，易怒，像抑郁症，求帮助,3
",平时想的多，多思多虑，社交恐惧症，严重自卑。",3
 害怕生病，害怕癌症，很敏感，老是控制不住想。,3
",看见生会有想走开的感觉，有点恐惧人多的地方",3
最近特心烦，经常想骂人，大声呼喊，失眠，太难受了,3
 失眠4周，心里感觉恐惧焦虑不安，没有办法自我调节,3
",24岁,心慌意乱睡不好手心出汗还老是做梦感觉好孤单",3
 感觉自己有社交恐惧症，不愿意出门，不爱跟人接触,3
",我有社交恐惧症怎么办，我还不想工作，我该不该辞职",3
",每天感觉自己都好像是得病了一样好不舒服，身体好难受",3
",42岁,专家们您们好：我想问一下如何能克服社交恐惧症？",3
 我最近有点恐艾   查了好几次  不是之后又怕得这病那病的,3
 压力大，心情压抑引起心慌，头晕，腿软，呼吸困难。焦虑,3
",41岁,没工作，心里惊慌，孩子学习不好，三年前患过焦虑，",3
 我总是不能全神贯注，怎样才能集中精力，我应该怎么办？,3
 高考来临，心情很浮躁，做题太快静不下心，容易受干扰。,3
睡不着怎么办？内心惆怅焦虑，感觉难受，如何才能减轻痛苦？,3
",26岁,我大概情况就是这样子的，（我见陌生人紧张，不知所措）",3
",22岁,焦虑症太在意别人看法，低自尊，怎么治疗，在校大三学生",3
",焦虑症，现在感觉胸闷，难以入睡，怎么办？怎样能让我放松下来",3
 我开始失眠，现在总怕睡不着，医生诊断预期焦虑，要怎样能克服,3
 快高考了，这几个月来一直都失眠，不想吃安眠药，怎么办才好？,3
 焦虑症，全身不舒服，头晕失眠，注意力全在身上，做什么都没精神,3
 14年6月得了焦虑症  两年了总么 晚上还是睡不着怎么办？去过云大医院,3
",公众场合讲话说两句就说不出来了 声音跟哭似的 这个现象越来越严重",3
 最近老是心慌焦虑，有时候还会很压抑，很害怕和别人说话，怕惹人生气,3
 上课注意力不集中 总是没有原因心情不好  负能量爆棚 心里还有喜欢的人,3
 心理抑郁，胡思乱想，心理害怕，天天学习学不进去，天天胡思乱想想的头疼,3
",焦虑症，心慌，怎么呆着都心慌，害怕紧张，不敢自己出门，头晕，害怕晕倒",3
最近抑郁了很郁闷，干什么提不起来精神，还隐约感觉自卑。老怀疑自己得了什么病,3
",35岁,最近明显感觉哆嗦胸闷气短乏力！害怕声音！我怀疑自己焦虑症！怎么确诊！",3
",28岁,我时常焦虑失眠  人际关系不好 到了新环境一年内还可以 一年后大家都会远离我",3
 您好大夫我为什么一有事就往坏处想，一有病总感觉自己有大病了，然后还得去外地看,3
 老是焦躁不安，失眠！做什么事都不能静下心来。胡思乱想，自怜自哀。身体也经常不舒服,3
",疑病症，焦虑症，疑病症，焦虑症，疑病症，焦虑症，疑病症，焦虑症，疑病症，焦虑症，",3
 自从生了宝宝后，特别能乱想，老担心身边的亲人出事，还总爱往坏处想，大脑不受控制一样,3
 天天多虑一直觉得家人出门就会遇到危险 然后就会受不了 一直想知道家人在干嘛 是否有危险,3
 前几天我看见有个14岁小孩因工作时间长被猝死，所以我现在很担心也会那样，晚上睡不着，,3
 我的亲人都去世了，现在自己不敢住，自己晚上一睡觉就想起那些事，心里就突突，我该怎么办？,3
快高考了  三次模拟成绩差距不大  心里很压抑 不想和别人接触 越来越烦躁 越来越慌  学不进去  怎么办,3
",有一天突然觉得自己很虚伪，然后就头也跟着疼，很多事想不通，这种头疼伴随了我多年，请问这是什么病",3
",怀孕了患有严重的强迫症怎么办，还很健忘，妄想出很多事情来还很真实，折磨的我很难受。一直不停的想",3
 胸痛、头胀痛，到医院检查没有任何器质性病变，感觉日子难过，惧怕明天到来，工作力不从心，想死又怕死。,3
 2年的尿羞症，不知道怎么破！在单独的隔间没有问题，中间有隔板也勉强行，如果是没隔间的小便池就尿不出来,3
 现在上高一，17岁，。上课时不敢抬头看黑板，容易紧张，腿抖，不敢与人对视，怎么办。（静静，，17岁）,3
 担心自已有绦虫在自已肛门附近.感觉有时会动.又好家在肾.又好象在心脏.又怕会进脑.好象会痛.同网上所讲差不多,3
",跟着老公在外地待了半年使人心理焦虑而且时常抽筋肚子痛，现在回老家5个月了情况还是一样！请问是什么原因？",3
 胸口太痛了，头胀痛，到医院检查无任何器质性病变，老是担心那个人和她前夫来残害我妻儿，有具体诱发因素。,3
 社交恐惧症，怕见人，一紧张就脸红，特别怕见熟人，陌生人倒没事，感觉别人会一直盯着我看就特别不自在，就会脸红,3
 我控制不住的怀疑朋友跟会计有关系。查看他手机通话也都是再工作时间。友也正常上下班。但我还是控制不住怀疑,3
 只要电话一响就会不自觉的心跳加快，不喜欢接，也不喜欢打，别人说话声大一点或是在吵架，即使说的不是我，我也害怕。,3
",我现在变得不自信，想法极端，特别担心。我35岁，已结婚做父亲，生活很满足，没有不良嗜好，就是喜欢手淫（控制不了）",3
",我经常头痛，头晕，做了脑Ct没什么异常，这是为什么呢？具体表现为社交恐惧，看书看不进，集中不了注意力。我才25岁啊！",3
",  考驾照科目二第一次挂了，因为心里太紧张，要补考了吓得不敢让教练报名。我都俩月不敢去练车了。做梦补考都过不去",3
",我的神经官能症是不是心里的原因啊，有恐惧，焦虑，抑郁，还怀疑自己得了各种病，这源于一段感情受伤导致的，想找人倾诉",3
 最近有俩年了，遇到点小事也莫名其妙的后怕。开车时候还总往后看总怕撞到人。总是自己吓唬自己。请问医生我这是什么病呀！,3
 我是一个高三备考生，现在考试出现了厌题和晕题现在，每次拿到试卷就会变得烦躁，心慌。已经持续了有半年了，我该怎么办？,3
 生完小孩90天了老感觉身上落下好的毛病，现在睡不着觉了，天天想我要怎样才能腄好觉，说白了就是一天到晚不睡觉了。我好担心,3
 最近感觉很焦虑，惧怕生病，一听到人讲到什么病，就开始怀疑自己是不是会得这种病，最近还睡眠不好头晕，什么是都不想去做。,3
",28岁,在吗？亲，总是感觉害怕，手脚冰凉，心理害怕，越想越害怕，总感觉自己要不行不行的，有时又觉得自己没病找病，装蒜一样",3
",23岁,最近两个月一直失眠，不管有个什么头疼脑热的，都怀疑自己是不是患上什么绝症了，整天都在想，真不知道自己到底是怎么了？",3
",从小到大，有时候心里会时不时出现一种周围很吵心跳加速耳边总有一个很大声音会把心里当时想的东西很大声的说出来。是什么原因？",3
 我每天晚上睡不着，有时强迫自己去睡着就会想到，自己死后，什么都没有了，没有任何感觉没有思想，感到很害怕，我是不是得了心理疾病,3
",43岁,睡眠质量不好，整晚不睡，焦躁易怒，思绪不清，感觉脑袋里面有很多事，易忘，没记性，感觉是家里的负担，请问这么症状是抑郁症吗？",3
 我是一名普通大学生，马上就要毕业了，还没找下工作，想从事编剧的职业，可又感觉自己实力不够，可又不知该如何做，每天心里很烦躁，焦虑,3
",19岁,我总是会想到未来就害怕 一想到未来时间飞快人会慢慢老去 死去没人记得世界的无情 我就快要崩溃了 控制不住自己的情绪  头疼睡不着心痛",3
 我感觉我有精神病，小时候生活环境不好，很自卑周围的人会取笑我，心里从小就很压抑，很容易幻想，大脑不受控制的，很纠结很急躁，怎么办,3
 您好 我做什么事情都非常紧张 工作又需要经常处理紧急突发事件 我有信心能处理好 但就是紧张 说话 手 心都是颤抖的 每次上班都恐惧的不行 怎么办,3
 之前偶然失眠一次，然后就很害怕再次失眠，就是因为睡前老害怕自己睡不着，就更睡不着了，怎么能克服对失眠的恐惧？让自己不再想会睡不着呢？,3
 我最近在医院被确诊为焦虑症，就是睡眠障碍，入睡特别特别的困难，九点上床，我两点才能睡着，而且每天到点就会准时醒，非常痛苦，我该怎么办,3
",前段时间有过心脏方面不适但是去医院检查了没有问题现在变得不敢开车不敢一个人呆着还有就是开车时感觉很烦等红绿灯容易紧张着急有时会脾气暴躁",3
",每天都觉得自己有病，抓到一个部位就一直老想，去医院大夫就都说没事儿，老是想不停的做检查，觉得自己要疯掉了，我是一个学生，希望有人帮帮我",3
  应该怎么说了。现在的我很烦恼，心理好烦，父母干舍我的生活，我想自己出去他们不让，他们叫我干什么我就要做，不然就骂我，我真的不知道怎么办,3
",最近一直很焦燥，是因为儿读书不用功的事，觉得她没前途，怕她因为读书不好，影响以后工作和生活。不知道要怎么调节自己的情绪和做儿的思想工作",3
 特别的爱哭，有时就一点点小事，眼泪哗哗的忍也忍不住，觉得活的很压抑，提不起精神，爱担心事，怕这怕那的，严重影响睡眠，-影响身体，该怎么办呀？,3
 心里非常容易紧张心跳加快，说话都说不利索了，思想强迫严重，想法不受自己控制，越控制越乱想，想完了就焦虑，去医院检查了心脏都没问题。该怎么办？？,3
 几个月了做什么都提起兴趣心情底落，老会胡思乱想心烦莫明的惊怕，经常感觉头有点不舒服，这几天有时会感觉会不会控制不住怕疯掉怎办好求高人指点。谢谢,3
 每天都会想象很多事情，以前的，以后的，不知不觉都会想象自己怎样怎样的，大脑不受控制一样，因为这样甚至还出了车货，但还是改不了，我为什么会这样？,3
",我是一名高一学生，很焦虑，对任何事情都没兴我不想上学了趣，睡不好，我不想上学了，干啥也专心不了，一点儿都不快乐，马上要分班分科，想改变这种状况",3
 我为什么总担心自己有艾滋病，总认为自己有了艾滋病的前兆（比如四肢无力，我想着想着就真的四肢无力了，然后脑袋就一直想，越来越无力Π_Π，现在都开始耳鸣了）,3
 心情越来越烦躁。越来越容易生气。会失控。有点抑郁（这个软件测试的是严重抑郁）每次一下就生气，希望能找点药来克制，我实在受不了了。我自己越来越控制不住了,3
 为什么我总是有烦躁不安的感觉？总有要呐喊的欲望？晚上失眠，不敢一个人睡，白天要睡觉，明明很饿我却没食欲，总有一种我快要死去的感觉？我想知道这是怎么了？,3
",有恐艾症，4周检查阴，六周检查阴还是不放心，找小姐带两套，昨晚脑子刚好想到，一下又感觉不对劲就是乱想，明明不可能的事都一直想成可能咋办我这心理肯定有问题",3
 我害怕校园暴力 总担心被一些生找麻烦 有时候她们盯着我看 我都会觉得她们看我不顺眼 在大街上跟同学讨论她们的时候还怕别人听见去告诉她们 就是很恐惧 严重影响生活,3
",我最近很担心一些身体状况，特别是小孩的，稍微有点什么不对劲的地方就喜欢往坏处想，而且越想越担心，整天闷闷的，什么也不想做，食量也不好！我该怎么办啊，好痛苦",3
 出现了心悸，坐立不安，失眠，心跳加快的现象，害怕自己会因心慌而死掉，去医院检查了没有身体上的毛病，是医生说是心态的问题，但是我要怎么缓解这种问题呢？求指导,3
 我总是焦灼，静不下心，特别容易生气，朋友说我变了，变得让他们想打我，现在也一直静不下心来看书，学习也没有目标，整天庸庸碌碌，只想玩手机，想戒又戒不掉，好烦！！！！,3
 不知道为什么总感觉身边的人都是串通一起对付我的 但也不知道为什么要对付我也没有什么目的 出去逛街或者喝茶的时候总感觉别人都在看着我议论我 这种感觉给我压力很大 每天烦躁,3
 不愿意上学，一到学校就心跳加速，想尽任何办法不去学校，到了学校更慌张，只想离开。自己也有焦虑症，无论什么时候脑子里都有无数的幻想。家人已经因为我快崩溃了，我该怎么办？,3
 我是一名教师，我胸口很痛，脑袋全麻木了，到医院检查无任何器质性病变，害怕、担心走上讲台给学生教书，大脑里一片空白，觉得自己什么都不会，怎么办呢？我还很年轻，日子难熬。,3
 一紧张就会脸红出汗，抖，说不出话，怎么办,3
",见人就紧张，不能沟通，不停咽唾沫，累......",3
 心里静不下来，脑子乱，心慌手抖，睡眠不好,3
 我要怎么办？？我真的要崩溃了，这是爹妈？,3
",心里烦躁！工作和生活分不开！内心想逃避！",3
 老是心里感觉紧张害怕～～～～～～～～～～～,3
",急性焦虑症，十年了，断断续续，怎么彻底治愈",3
",焦虑不安头昏头痛胡思乱想，老往坏处想怎么办",3
 最近老是害怕睡着后会死掉不敢睡觉，精神恐慌,3
",心情总是莫名其妙的烦，很容易发火。整夜失眠",3
 害怕看见陌生人，然后常常走在大街上心跳加快,3
焦虑引起的心跳加速，快一天了，烦死了…也睡不好,3
",心里烦，会不会抑郁？不想上班，感觉自己好焦虑",3
 白天还好。。一到晚上就心烦，，心慌，，而且睡不着,3
 暴躁，易怒，控制不住情绪，焦虑，不安，爱胡思乱想,3
 跟别人相处不舒服，注意力分散，不必要的恐慌和紧张,3
 心理测试测的患有中度焦虑和中度到重度的抑郁怎么办,3
 为什么我心里面总有不必要的慌张？可是什么事都没有。,3
 不管见到生人熟人都容易紧张，然后就会发抖，而且手抖。,3
",心情烦躁，特别压抑，感觉注意力不集中，心慌，怎么办？",3
 失眠多梦  易紧张     消瘦特别厉害   还有出虚汗到底是什么,3
 我总感觉自己身体有病，哪里都有病，哪里都难受，天天想，,3
 尿频，尿急。感觉在玩的时候就不太会，我上学时更加频繁。,3
",就是每天感觉好烦，白天嗜睡，晚上不睡。莫名的害怕，恐惧",3
",烦躁咋办！一点心思没有，感觉要疯掉了，哎！上班也没有心情",3
 最近因为得了颈椎病老是觉得自己身体快不行了 很郁闷  压力大,3
 最近老是心慌心跳，浑身不自然，输液就不舒服感觉要死去一样！,3
",我有焦虑症怎么办？总是有一点点什么事就会很担心就会去一直想",3
",焦虑症怎么办？自己感觉现在还比较严重的，严重影响我的生活了",3
 坐车会紧张，生怕车与车相撞，尤其是坐小车，以前不是这样的。,3
",16岁,中考前焦虑症，紧张到失眠，没动力，很惆怅。离中考还有6天",3
 学习压力大，当遇到不会的题就烦躁，静不下来，感觉什么都不会,3
 感到莫名的担心，害怕，整天胡思乱想，甚至有种杞人忧天的感觉,3
",最近很害怕和人交流，心理压力过大，对于特定的人说话心跳会加快",3
 我有忧郁症多年，精神容易紧张，不安，情绪容易波动，感觉有压力,3
怀疑自己是不是智商低下，患有抑郁症，每天都焦躁不安，不知道做什么,3
",对睡觉有恐惧，长期处于紧张状态，心跳很快，不能和正常人一样学习",3
 明明知道一些事情不会发生，确还是担心，怎么也忘不掉，是怎么了？,3
 失眠一年了，什么药什么方法都用尽了都没用，快崩溃了。怎么办呀！,3
",20岁,为什么会莫名其妙的心慌，老是担心未来，特别容易后悔过去的决定",3
 全身感觉疼痛！经常犯困。乏力，感觉哪里痛就觉得自己会得大病，好怕！,3
" 工作时会有中恐惧,头痛，失眠，做噩梦，不工作时，稍好点心慌，心跳加速",3
 马上高考了，怎么解决考前焦虑，还有10几天了，我真的很着急，谁能帮帮忙,3
 每天都感觉心里特别烦。脖子僵硬，易怒，睡觉也是不停的做梦。无法轻松。,3
",因为脑中无意闪现的想法 后来无限扩大，现在心理很焦虑 紧张 怎么疏解自己",3
 以前得过强迫症，现在好了，但是现在发的事老是联想到过去，怕自己再复发,3
 多年紧张 害怕 一看到血腥的 或者谁吓我失眠 然后 睡不了几个小时 醒了就害怕,3
 我好烦，心理不舒服老想哭，还老想打孩子，孩子干什么都不对。我该怎么办？,3
 胸口疼，特别容易激动紧张，心慌气短，心悸，耳鸣。想的乱七八糟的。控制不了,3
 焦虑怎么办   每天没事就乱想，想的都是不好的方面，感觉自己压力大的快要死掉,3
 工作压力大，导致情绪不稳定，焦虑，脑子空洞，容易悲观，工作心有余而力不足,3
",19岁,莫名其妙烦躁不安。特别烦躁空洞。我不知道该怎么办了。别人说我焦虑抑郁",3
 这几年不断有亲人离世，对死亡越来越恐惧，每天都在害怕。也不敢睡觉，怎么办？,3
",害怕和别人说话，和陌生人说话紧张，坐在路上感觉总有人注视自己，，门都不敢出",3
我感觉自己丧失了信心，考试失败，我好痛苦，现在甚至发展到一提到考试就害怕……,3
",不去公务员面试，会不会让人耻笑看不起。真的不想去，一想这个我就胸闷气短头疼",3
",28岁,心理总是想一件事，完了自己想想就特别紧张害怕，其实这件事好像没有多严重",3
 总是幻各种死法，人生这么多意外，指不定就发生在我身上了，我还能活，多久。。,3
 我是初三学生，最近写作业右手特别难受，我怕到中考还这样会考不好，我该怎么办?,3
喜欢咬自己的指甲的皮是有什么心理病么有人说我喜欢咬指甲的皮是心理病这是真的么？,3
 因平时的一些事情，很担心，又害怕出什么事情，有时候甚至睡不着，是患焦虑症吗？,3
 离开家就恐慌，喜欢观察别人又怕别人看自己，别人看我浑身不舒服，紧张到嘴唇发白,3
",请问一下，怎么我和陌生人交往，都说不出一句话啊？而且我很努力想说，但是说不出",3
 想交朋友，但不敢看生，紧张，有时都感觉自己屏住呼吸了，我是不是有交友恐惧症,3
 总是感到害怕乱想，总感到自己要有什么事发生在自己身上，害怕自己一句话给别人弄疯,3
 身体只要有点不舒服，我就总是怀疑自己得了绝症，每天都提心吊胆，吃不下，睡不好。,3
 见到生就紧张，不自然，平时宅在家里，害怕出门，出门自带光环，老是觉得有人看我,3
 看见一个人，会胸闷，呼吸不上气，并且想躲开她，而且长时间吵架。是什么心理状态？,3
 心情焦虑不安 睡眠质量不好 食欲不振 腰酸背痛 有是头晕 没有安全感  人看起来特别憔悴,3
 我感觉得了产后忧郁症了，天天把事网坏出想，一会但心孩子一会担心家人，一会担心自己,3
 窦性心律过速有什么问题？我觉得有时有点心慌，而且越心慌越害怕，害怕就越心慌。怎么办,3
 我现在得了重度抑郁症  彻夜难眠  心里很焦虑  心里很害怕  我现在该怎么办  已在吃抗抑郁药,3
",32岁,我经常头痛。睡不好。血压高。最高200。到医院检查没有问题。说我是神经性高血压。焦虑",3
 我很自卑，也有社交恐惧症，也没有一个朋友  ，严重影响到生活 觉得自已的人生过得好失败。,3
 不敢和生对视说话，和生说话都觉的我有病，不敢去人多的地方总觉她们会嘲笑我怎么克制,3
 老是焦虑，烦躁，心悸，注意力不集中，一个人时感到很空虚。对性生活没信心，尽管还可以。,3
",最近工作不顺利，家里的事也不顺利，反正看见什么烦什么，老是莫名其妙的就想骂人甚至打人，",3
 为什么我总失眠，而且有时候想到将来要面对死亡，我就心理很难受，而且还会失眠，尤其是在晚上,3
 我很怕衰老和死亡，随着年纪增加，天天晚上失眠还怕，怕我老去。怕我生命流失。请问有啥办法？,3
 因为一个礼拜前输了五万，我是打工的，这几天闷在家里，茶不思饭不想，心里焦虑不安，我该怎么办,3
 您好，我老是紧张，胡思乱想，只要心里有点事就心跳过快，去医院检查医生说紧张造成的，我该怎么缓解,3
 有时候总是在乎一些事一些人，那怕是一件很小的事，都能让我心里很难受，导致我失眠，胸闷，我该怎么办,3
 失业，自卑，自闭一个多月，内心烦躁，做事总是招别人嫌弃，心理负担重，如何走出困境，求大神指点一二,3
 我现在和别人交流变得很困难，平时也很容易紧张，尤其一上台，双手发抖，声音也发抖……这是忧郁症吗？,3
",我最近比较心慌，紧张，经常去做一些细活手会抖，越想控制越抖，搞得现在没开始去做就会一直担心怕手会抖",3
",我总是觉得自己得了重病，每天只要一醒就在感受身体状况。基本整天都在想，害怕自己得重病。焦虑相当难受",3
 你好，我害怕老鼠不敢出门怕碰见死老鼠或踩到死老鼠怕弄身上，在家也这样怕洗衣服怕传染以前家里有过老鼠,3
 我是一名大学的学生干部，最近部门有工作的时候，想到我要去完成工作的时候，总会心跳加速，为什么会这样？,3
",30岁,我紧张的时候手就抖，人多的时候写字也会抖，考试的时候手脚都会抖，己经好几年了。是不是心里有问题？",3
 恐惧失眠，不敢睡觉，每当快睡着的时候就被内心的恐惧惊醒了，就不敢睡觉了，又害怕不睡觉，害怕自己睡不着,3
 我在心理测试中，按照自己的真实状况去填写，结果数值全部大于标准值，请问下我是不是得神经病了，还能治么?,3
26 重度强迫症，重度偏执，重度敏感，重度抑郁症，重度恐惧，中度焦虑症！这些病总结在一起延续下去会是什么结果,3
",21岁,情绪不稳定，过度恐惧，怕黑不敢一个人待，感觉精神快崩溃了，和家里人也无法交流，总是吵架，心情很低落",3
 最近总感觉到哪里做什么都没有安全感，总感觉做做什么都会有不好的事发生，尤其是晚上睡觉总害怕有人会闯进门了,3
",焦虑 失眠 恐慌 对人生感到失望 希望被认可害怕被忽略 无法处理人际关系 碍于面子也好感情也罢 总是不清不楚的活着",3
 很容易有挫败感，平时练车很好，一去测试就紧张。失败了就哭，不想看书，头疼，提不起兴趣。困又睡不着，心烦意乱,3
",焦虑真的能治好吗！我现在提心吊胆！疑神疑鬼！疑心很大！情绪很不稳定！朋友也因为我的不安！反而离我越来越远",3
",我受不了了！压力巨大！惊恐！我在医院诊断说是：中度焦虑，中度抑郁，中度躁郁！！我还能做自己吗！我很累！很累！",3
 我有焦虑症，而且陪伴了我23年，每天活在焦虑之中，主要表现为担心这个担心那个，对着镜子不放松，不自信，莫名的紧张，,3
",手臂上有3条自残的伤疤 很明显 每次看见心理都觉得很慌乱 而且夏天到了 袖子遮不住要暴露在人群之下 很怕朋友问伤疤的由来",3
 有时感觉心里很闷，会痛，但到医院拍Ct检查之类的都没有问题，总担心里有这种病那种病，您说，我会不会是焦虑症，还什么？,3
 我朋友得了胃癌跟我分开了  我放不下他  每天都怕他出事 整天胡思乱想 经常做噩梦  看到有人死的视频照片等我就冷静不下来,3
",失眠，做不了什么事，焦虑，没信心，胡思乱想，头痛，有时会丧失交际能力，常因为一些小事就心烦，转牛角尖，丧失学习能力",3
",自从生完小孩后脾气特暴躁，身边的人都这么认为，跟我说话都小心翼翼，时不时就心情不好，对任何事都特别敏感，容易发脾气",3
 我最近总是感觉紧张，胃痛，嗓子发紧。我母亲得了重病，我最近在照顾她，她情绪不稳定，家里其他人情绪也不好，我该怎么办？,3
 有时候一点小事就会哭 看一些新闻也会流泪 老是想以后自己爸妈不在了怎么办 然后自己就老是想以后发生的事情 就自己一个人伤心,3
 很严重的社交恐惧症，下班就想直接回家，哪里也不想去，谁也不想联系。但又很孤独，强烈的自卑，觉得什么都不如别人，贬低自己。,3
 一年前有了婚外情，由于前夫的原因，跟现任总是不合，现在跟现任有了小孩，可是还是静不下心来，总是担心这担心那得，还经常会头疼,3
 以前办理过贷款～～不知不觉这几天又想起这个事而且心里还发慌…………那种滋味说不出来感觉堵得慌～晚上睡觉也想这事～～～该怎么办,3
",29岁,最近几天胸口堵得慌，总想着自己会不会得什么病，想着想着就浑身没力气，想的多了还头疼，请问心理医生我这是什么情况导致的？B",3
 你好，我总是尿频，次数多，而且尿的少，去做尿常规，肾，膀胱，妇科都检查了没问题，但是经常全身发软，没力，昨天那医生说可能是臆病,3
 你好，，最近我不知道为什么，总是觉得自己有什么病，多次去医院看了，都没事，有时一想就怕，怕的哭了起来，想请心理咨询师帮帮忙，谢谢。,3
",最近总是失眠 而且躺下之后脑子里会有很多可怕的想法 而且最近很拒绝跟家人交心 晚上自己下班回家路上会很害怕 这都是以前没有的症状 这是什么状况",3
 表现为害怕与人交往，感觉身边的人老是说我的不是，喜欢一个人待在床上，心情低落，焦虑，喜欢想那些有的没的，感觉世界很黑暗，一天到晚高度紧张,3
",30岁,失眠一个多月了，刚开始是因为惊吓，后来打点滴越打越严重，总以为自己生大病了，每天都是辗转反侧的，就是睡不着，身体没有舒服的地方，请问怎么治疗",3
 总是悔恨自己以前不够努力，自卑，孤僻。不愿意和朋友交流。生活提不起劲，上班也老是听错领导讲话，心理就特别紧张，然后头晕，胸闷。这是有什么心理毛病么？,3
",我是明孕妇没有小孩之前就有点轻微忧郁焦虑，脑子控制不住乱想在加上孕吐整天没力气，无精打采连吃顿饭都累怎么办啊，去医院说让我自己控制现在不能吃药快崩溃了",3
",30岁,长期失眠，心神疲惫，浑身无力，没有斗志，爱幻想，爱胡思乱想，精神不集中，脾气暴躁，烦，经常生病，请问医生，我怎么了，我连续三天，没怎么睡觉了，太痛苦了，",3
",我自从生完孩子就感觉自己的脾气暴躁，孩子哭了我会生气的骂她，也会打她，有时会有更严重的想法，我很不能接受自己有这种想法，有没有相关的书籍可以让我缓解一下情绪",3
 我胸口疼死了，头痛死了，到医院检查无任何器质性病变，我要死了，我自己把自己吓死了，我要死了，自己把自己吓死了，天天整夜无眠，我要死了，但我又怕死，又不甘心死。,3
 我去年10开始腹胀喉咙有异物感，12月老父亲患病失眠，4月到北京看专科说我有抑郁焦虑，至此出现很多抑郁焦虑症状，脑子里一直在想这个病，心悸心慌坐不住，请问该怎么办？谢谢,3
 心理承受压力小，是不是跟抑郁症有关，我曾经想不开喝过酒胸口痛过好几次，后来变成了胡思乱想没法控制，不知道怎么了，因为家里人提心吊胆，也不知道是否跟我小时候经历有关,3
 我感觉我有社交障碍，我不善于主动跟别人讲话，有时候人家不跟我讲话，我就不跟别人讲话，时间长了不说话，我就感觉人家不想理我，我就更不想和人家讲话，然后自己胡思乱想。,3
 我的妈妈近几年脾气老不好，看谁烦谁，还不让说，一劝她就不理人。 沙发，床，还有衣服！明很干净 也要打扫，和洗，还好急眼没耐心   有杞人忧天的想法，老觉得房子塌了！,3
",44岁,我的问题主要是没有自信，遇到陌生人或特殊情况心里就会紧张，心跳就会加速，甚至还有颤抖的现象出现，所以对于社交方面也有回避现象，觉得很苦闷，也不知道自己怎么去调节",3
 从今年年初，我和别人说话就非常不自然，不敢看别人的眼睛，一说话就脑冲血，然后大脑好像短路一样，和自己家人说话也是，就显的特紧张，头蒙蒙的，请问专家我该怎么办才好呢？,3
 我在学校洗澡间里，不知道怎么的，洗澡没问题，洗头一闭眼睛就害怕，总觉得后面有人，经常洗到一半就不敢呆在洗澡间里面了，即使室友在我旁边也有这种感觉，呜呜呜，谁来帮帮我,3
",25岁,常常很困的时候却睡不着，闭上眼睛就像在放电影，乱七八糟的事，有的没得乱想，很多时候都会莫名的烦躁 ，伤感 ，害怕 ，很孤独的感觉！这是患了忧郁症吗？还是精神分裂了？",3
 我是两个孩子的妈妈，我怀疑自己精神有问题了，总感觉自己身体不健康，活不久了，是不是抑郁症的表现，不管白天黑夜总是有些这样的负面想法在脑中徘徊，我很担心害怕该怎么办呢,3
 说不出的痛，往往最无奈，宝宝，我该怎么办，你还那么小，那么懂事，那么可爱，我努力过，但是我发现我真的走不出来，对不起，我不是一个称职的母亲，我该怎么办，我的痛苦谁知道,3
 多想，疑心病，忧郁症，什么事都往坏处想。,3
",社交恐俱症怎样治疔是不是沒救了，求救求救",3
",社交焦虑。感觉自己永远是被抛下的那一个。",3
",心理测试测出我有中度恐惧，该如何去克服它",3
",心里一遇到事情比较紧张。想尽快的去做成",3
",27岁,胸闷气短心跳加速莫名慌张厌食不吃饭",3
",总是想到以后害怕以后什么都不知道的时候",3
",每天心里总是害怕，特别是晚上也害怕，怎么办",3
",不管做啥事心里老是害怕死了！整天提心吊胆的",3
 不想出去工作，是什么原因。希望可以找到答案,3
 最近心情不好，不安心。老是害怕！心情好烦！,3
",坐飞机胡思乱想怎样缓解，可以吃点药之类的吗",3
",产后有焦虑症怎么办？我应该怎么做才不会这样",3
",高中时期因为学习压力大及其他原因得了社恐症",3
",感觉虚度光阴，急得浑身冒汗，又不知道怎么办",3
",爱扣指甲，爱走神，精力不集中，焦虑，自卑。",3
 总是没原因地感到恐惧，压抑，可能是有点孤独,3
",18..情绪有时间段不稳定，容易紧张，手指颤抖，",3
 各位老师，我爱人有强迫症，能通过开导治愈吗？,3
",心理病焦虑症想看自己是不是得病希望有人帮助我",3
 怎样治疗社交恐惧症，请大家帮帮忙，真的谢谢了,3
",如图，请分析一下为什么疑病症还不彻底，总分144.",3
"21,社交恐惧症，。，。。。，，，。。，，。怎么办？",3
",看到大面积的水会有恐惧感 比如站在桥上往湖面看",3
",余光强迫症，太在意别人对自己的看法，异性恐惧症",3
",23岁,别人看着我写字的时候手抖，自己在的话又没事",3
 恐惧症，我还怎么克服，有一段时间了，想咨询一下,3
",胸闷两三年了，是压力导致的，请问怎么缓解，很难受",3
",请问我这是抑郁症或者什么心理疾病吗？怎么治疗呢？",3
同学欺负了我一年，我一直感觉得了抑郁症，抑郁的很严重,3
 开始不愿意接触人，有人来电话，有焦虑和心烦的心情，,3
被别人注视我就会身体发热 紧张 额头冒汗。越想冷静汗越多,3
 轻微社交恐惧症不知道相处知道如何才能融入让周围的人,3
",请问我平常看见陌生人就害怕怎么回事也不想和陌生人说话",3
",总是心慌，心闷，莫名其妙的心情不好，郁闷，没有自信，",3
",我经常情绪焦躁，易怒。感觉自己很没用，什么都处理不好",3
",晚上不想睡觉，上床翻来覆去，心里难受，觉得自己一无所有",3
",我已经努力学习。可为什么没有成绩，我真的好烦，压力很大",3
",新入职场，不敢与人交流，说话紧张，逻辑混乱，心理压力大",3
心累，不敢出门，不知道怎么面对别人，不知道怎么表现自己，,3
 整天胡思乱想，总是想自己有什么病是的，是不是心里的问题,3
",患有社交恐惧症，见着生人就手足无措，应该怎么样改变自己",3
",面对社交恐惧症，恋爱恐惧症该怎么解决。稍微有点悲观主义",3
",总在夜晚睡觉的时候胡思乱想，害怕自己睡不着，而去着急。",3
",怀孕晚期，心理恐慌怕灾难怕意外，总觉得身边到处都是危险",3
",天天感觉烦躁不安感觉自己生病了害怕死亡却渴望死亡",3
",社交恐惧症，自卑，内向，腼腆，不敢与人沟通，沟通障碍！！",3
",睡前恐惧症，感觉有人在我旁边。已经有10几年了，求治疗方法。",3
你好、我最近一直不舒服，天天睡不着，压力很大、也不知道怎么了,3
",心慌，害怕，想得多，晚上有时候会失眠。明明没事，但还是害怕",3
",请问医生我现在就是心烦意乱，心情特不爽，吃饭不香。身体没劲",3
",29岁,这两天早晨起来莫名的心慌难受！晚上休息的很好，怎么缓解",3
",总是害怕出门拉肚子，尤其坐车会很怕拉肚子，还会莫名紧张心慌",3
",心里总是难受，总是高兴不起来有各种的心里压力，，我该怎么办",3
 担心自己得病担心的很严重，现在见人都会很尴尬不自在怎么办？,3
 孕妇26周多，情绪不稳定，容易哭，容易发火，总想一些不好的事情,3
 为什么我的心里话别人能听到呢？这个是不是精神分裂症的表现呢？,3
",突然紧张，心里，上半身里面一阵一阵发凉，请问是焦虑导致的吗？",3
",我觉得我得白血病了 但是血常规是正常的 别人都说我精神有问题了",3
",心理不安，着急，烦躁不安，待在家里害怕，睡不着觉，失眠焦虑症，",3
",我做过马斯洛安全感测试，它说我有严重的不安全感，这个还可以治么",3
",为什么总是把任何不好的疾病喜欢往自己身上揽！我想让自己走出来。",3
",心理可能患病，情绪有时不稳定，容易紧张，心慌，恐惧，手指颤抖等",3
",心理性尿急，一上班就感觉尿急，坐车的也会感到尿急，在家就不会了。",3
",心里老是害怕，紧张……想太多！怎么办才好？最近脑袋快承受不住了！",3
",总感觉自己哪里不舒服然后很焦虑，有些害怕出去上班了，就想呆在家里",3
 我总是多疑！心理不平衡！工作的时候总害怕老板会开除我，总害怕吃亏！,3
 焦虑恐惧一年了，时好时坏，躯体症状不是很严重，这应该是心理问题么？,3
",为什么我最近老不顺，经常和别人吵架，我很难过，在别的地方都很好的！",3
",莫名其妙的心慌 烦躁。明明一切事情都可以解决好。 但就是很心慌。 求解。",3
 每次一闲下来没事做的时候就容易觉得喘不过气，心慌，胸闷。是什么原因？,3
经常担心身体健康出问题，有时肠胃不舒服，心脏不舒服！怎么摆脱困境？跪求,3
 我总是担心我家的钱会丢，心里总是想这件事，搞得我吃不好饭，睡不好觉。,3
 我经常心慌莫名的紧张，脑子里总是在想一些没用的好像自言自语一样怎么办,3
",因心里紧张焦虑导致讲话不清楚（口吃）想问问大家有什么办法解决心理问题",3
 我莫名的烦躁，心慌，心里憋屈，感觉必须深呼吸才能舒服一点。心里特别难受,3
",我现在19岁，刚刚测试了下有中度焦虑症和中毒恐惧症，人很消瘦，请大夫帮帮我",3
",时而欢喜时而焦虑，经常莫名的失落，对亲近的人很挑剔，稍一不满意就会发泄",3
",我不知道在怕什么恐惧什么，做事没有精神注意力不集中做事情，特别的乏力乏力",3
",医生，你好！我最近尝尝焦虑不安,担心自己会有心理疾病，害怕自己一个人独处…",3
 当护士老是担心工作出差错给病人造成伤害，对自己做过的事不放心，是怎么回事。,3
",不知道为什么！自己感觉每天都很焦虑！觉得自己什么时候都不开心，怕和陌生人交流",3
",觉得自己非常极端，且焦虑，担心很多事情害怕很多事情的发生，特别是对重要的人。",3
",我晚上睡不着觉。一会醒一会醒的。睡不踏实。心烦。坐不住躺不住。心烦的很厉害。",3
" 有气无力经常集中不了精神,有时候还会心跳突然跳动剧烈,还有受不了一些事也会感到如此",3
 最近要找工作了但一直担心自己工作之后不成功心情变得低落食欲不振而且害怕一个人,3
",遇到点什么事就会胡思乱想，胸闷，心烦，严重失眠，老是怀疑自己身体有病，有两三年了",3
",26岁,我感觉我老是莫名其妙的紧张，和心慌。老是有种恐惧感。请问这是怎么回事我该怎么办",3
",失眠伴随了我几年了，这几天越发严重了几天几夜的睡不着，情绪起伏更大了，真的快崩溃了",3
 我是一名抑郁症和焦虑症患者现在的状况是老觉得自己有心脏病浑身无力没劲害怕一直在吃药,3
 怀孕天气热在家呆的好烦躁，主要还害怕生孩子。怕坐月子一个月不出门憋疯！越想越难受！,3
",从怀孕到生孩子总是想些孩子健不健康，越想越害怕，反反复复的，每天都是，我是怎么了？",3
",26岁,公共场所与人沟通有障碍，声音容易很小并且会脸红，在参加聚会等类似场合时我会不自在？",3
 总感觉在室内胸闷头晕心慌这几天好点了完了查成绩时候一紧张又胸闷头晕不敢自己去屋子里,3
 内心觉的很自卑，好像所有人都在笑话我。我害怕见到人，不知道怎么和别人接触，我到底怎么了，,3
",经常会感觉到胸口像压了一块石头一样，看到人多的时候会忽然的紧张，而且经常怕别人太关注自己",3
",胸口闷痛，去医院检查不出来，跟人说话会缓解，惊弓之鸟害怕自己身体出问题胸口闷都跑医院检查..",3
",见到陌生人过度紧张，表现非常不自信，跟陌生人或者不是很熟的人说话！手都会发抖，面部肌肉僵硬",3
 最近一段时间，一想到密闭空间或风很大或溺水等有可能让人闭气的情况就会呼吸困难，该怎么办呀？,3
",说不出来的难受紧张，睡眠不好，闭眼就做梦，浑身没劲，头晕，医院说是焦虑抑郁症，不知道怎么办，",3
",我有肠胃不炎，总觉得自己要拉肚子，结果医院说我肠炎好了，有焦虑和抑郁症。失眠晚上只能睡2-5小时",3
 宝宝11个月了，自己带，从生完宝宝后心情就不好，什么事不顺着自己了就发脾气，心情很不好，感觉很累。,3
",24岁,,胸口闷痛，去医院检查不出来，跟人说话会缓解，惊弓之鸟害怕自己身体出问题胸口闷都跑医院检查..",3
",最近生活糟心事比较多，经常心情不好，头部晕痛，情绪容易激动，这种状况有一段时间了，是不是有抑郁症",3
 我一到晚上七八   就会烦躁   坐立不安   恐惧未来   对未来没有期望   但是过了这个时间段就能好点   这是为什么,3
",刚刚怀孕，之前有过焦虑症。今天天气特别热，此刻心里特别烦躁，我该怎么调节。求帮助。天一凉快焦躁情绪就会好",3
 最近感觉心里烦躁不安，容易疲惫，看家人不顺眼，孩子有认知障碍，总感觉自己的孩子不行，感觉丈夫不关心自己，,3
",有焦虑症经常想牙齿。牙齿不太好经过很多次治疗。所以有阴影经常害怕磕到了或者最害怕蛀牙又或者牙裂了或者敏感。",3
",由于上次感冒后，打了针和吃了感冒消炎药，开始出现呼吸不舒服，心跳明显，请问这会有影响吗，已经有2个月了这种状态",3
 我上课或考试时总想上厕所，以前没事，近几个月才开始，可能有些紧张，尿频但尿量少，快中考了，希望给些有用建议，谢谢,3
 整天想些一样的事……喜欢猜忌……敏感多疑……感觉压力特别大…思维控制不了，脑子不集中，怎么办……三四年了……谁能帮助我,3
",总天忐忑不安，心里有事样堵的慌，严重影响工作，思维。对任何话很敏感，不知是怕还是什么，只要稍微争口都会有这种感觉。求解",3
 心里总是感觉害怕，连呼吸都怕，身体稍微有点不舒服就很紧张很害怕，不能自控，今天早上又出现这种情况，请问这是怎么了？怎么办？,3
",24岁,现在怀孕期间，脑子老是爱乱想，一有点事就想哭，精神情绪都不稳定，现在吃不下睡不好，老是做不好的噩梦！太过于紧张害怕失去",3
",23岁,有前段时间失恋了心里老是乱想头发掉得也特别厉害心里压力特别大特别心烦老是能感觉到心脏在咚咚的跳睡不着觉饮食也不好。",3
",经常会，无厘头的生气，脾气大，心烦，头晕，天天做噩梦，没有不做梦的时候，自己生气，别人不惹我我也生气，天天发火，想更年期是的",3
",你好医生，我最近老是心慌易怒，而且有时间心情突然就不好了，也不愿意跟人多说话之前没有过啊，还有老是胡思乱想我是不是生病了，",3
 情绪比较易怒。常常容易纠结，选择不出来就会特别郁闷烦恼。看到不喜欢的人或事儿会特别反感讨厌生气。常常觉得自己特别委屈活着很累,3
 我16岁了，患有强迫症，幻想症，觉得很无聊。内心很烦躁。不开心。胆小，精神心理方面存在很大的问题。我想改变自己，但是却总是失败。,3
",每个月的性生活最多两次，也没什么话。孩子10岁了还不知道记作业也不爱学习，我的心情特别烦兆，看见什么不送心，总是不由的就想骂人，打人",3
",总是控制不住的想些害怕的事说一些事时若看到坟，死，什么的就会重新再说一次，直到感觉没问题时才好，不然就怕不好的会对自己有什么不好的",3
