 想做的做不成，现在做的没意思饭啊做什么呢,8
",30岁,失眠，拖延症，行动力不足影响生活工作怎么办",8
我有强迫症怎么办.非常严重.下面凑字数....................,8
 交际障碍症候群，这个病该怎么治疗？有什么好方法？,8
 重度抑郁症。怎么治疗有好多方面情感，，家庭，自卑,8
 我偏执性精神分裂症，双向情感障碍，还有很多不知道的。,8
 17岁孩对生活失去信心，只有在游戏里才能快乐，怎么办,8
 上面信息是病人的，想要咨询有关人格分裂症的问题。很着急。,8
 19岁吧，白天还是像个正常人一样。晚上负面情绪爆棚，心态崩溃。,8
初中生感觉自己有妄想症老感觉有人偷窥我，洗澡睡觉的时候都不安心,8
",心理素质极差，比如公开发言面部抽搐、玩游戏容易激动手抖之类的",8
",20岁,暴露癖难以控制怎么办？我也不想呜呜呜，不想上学了不想回家了！",8
 有很严重的幻想症。每天把幻想和实际分不清楚。严重到听不见别人说话，一直活在自己幻想的世界里。幻想的世界很美好，不想出来。怎么办,8
 14岁，最近总是失眠，晚上我的耳朵莫名的很敏感，一点点声音，我都觉得害怕，刚刚偷偷的尝试着吸烟被家长怀疑了，心里感觉很害怕，不知道为什么总想着怎么死,8
 我发现，现在的我很危险，有着很危险的仇恨性的心理，一看到人就想用刀把人开膛破肚。以前没有，从去年开始就讨厌人。从心里觉得人非常虚伪。都是说一套，做一套。,8
我有人格障碍，需要医生，但最近又没钱？怎么办？,8
",50岁,经常同妈妈吵架，现在有杀她的想法，感觉心理出现问题了",8
",被迫害妄想 对人缺乏最基本的信任 不信任任何人 工作和生活很受影响",8
",我17岁，好像有暴躁症，经常一点点小事就发火，而且经常哭，感觉心里有阴影",8
",14岁,我不能对儿生气，如果不能饿按照她的心愿，就觉得她恨不能杀了我！如图",8
我有恐艾症怎么办昨天去做艾滋病检测是阴性可是回来后更害怕了怕被检测的时候感染我去了Hiv初筛室没有接触任何液体有可能被感染吗,8
",25岁,脑子里总会想向一些无限大的实物，比如说铅笔一头会越想越粗另一头又特别尖，粗的那头跟滚雪球一样慢慢想象粗的，然后尖的那头特别尖细，控制不住的想象。",8
你好，我表弟病了好几年了，症状就是旁若无人的自己跟自己说话，不爱跟别人交流这是心理问题吗,8
老公是有点心里封闭，现在排斥我及身边所有的亲戚朋友同学，感觉一个人挺好的…请问怎么帮助他呢现在，谢谢老师,8
你好，我最近老想去厕所，不知道怎么了，能帮帮我吗,8
我有社交恐惧症怎么办，而且性格比较内向，不敢跟人说话,8
我好像有心理问题，在学校，别人丢东西即使和自己一点关系都没有我也就会感到紧张，甚至脸红，这太困扰我了。,8
28 ， 医生你好，我老婆，她只要在安静的场所，心里就会乱想，导致现在整个人像神经病一样，！请问这是什么症状？谢谢！,8
我儿子从去年开始就喜欢孩的内衣内裤，还喜欢试穿，今年十四岁，我没太在意，现在越来越严重，还去偷拿别人内裤，丝袜，请问要怎么帮助他,8
我一个朋友不知道怎么了  不敢出门  老感觉别人会打她  带她去医院她也不敢  一个陌生人也不敢见  每天在家里不出门  这是什么病  怎么治  谢谢！,8
我发现我有幻听，记忆力也下降了，我不知道是怎么回事,8
你好，我有恋袜瘾，而且性冲动是由恋袜引起的，该怎么戒除,8
烦躁，不想交流。偶尔会冒出极端想法，杀了别人看会不会好点。,8
为什么我与恋人分手后情绪浮动很大，动不动就暴怒，而且多次想杀人。,8
自卑依赖，社交恐惧症怎么办？讨厌外界，害怕见人外出，通过心理治疗真的可以走出困境吗获得重生吗？,8
28岁  去年开始当着别人的面写字会抖动 现在又严重一些 平时写字偶尔也抖动 特别是写言字旁肯定会抖动,8
",21岁,朋友讨厌也反感人碰她，胸啊，对性有恐惧，哪怕是自己朋友，这怎么回事？是不是心理问题？",8
",30岁,有时候喝好酒，没睡过叫，就会怀疑身边的人在害我，疑心病特别重，怎么回事！但是这种情况，有时有有时没有",8
",23岁,我觉得亲情就是累赘，枷锁。有时候甚至觉得都死了才好。我该怎么办",8
以前没有看到别人觉得恶心反胃的情况。现在刚刚就有这种，看到一个自己不信任的人就会觉得恶心反胃呕吐症状，这是为什么,8
见到孩子就紧张，结巴，非常自卑，人多了就坐立不安。长期手淫戒不掉。,8
我有幻听怎么办？？？？？？？？？？或者听到一些别人的交谈太大声会不知觉的哭,8
轻度精神分裂症怎么治，，48岁。经常有妄想，幻想，自己意识不到生病，总说自己没病,8
",25岁,心理很恐惧 脑子里一直想有人要害我 很害怕 跟朋友聊天 也想着他们一起要害我 为什么会这样",8
",有恋物癖情节，很久很久有专家吗限老师急急急",8
很想通过鞭打自己来获得被爱的感觉，这种心理很变态吗？,8
对性的白带特别感兴趣。经常吃性的白带喝她们的尿这个是正常吗,8
",23岁,我脾气暴躁，很容易生气，很平常的一件事我都可以暴跳如雷，",8
在外面，看到任何东西上很脏，都会联想到上面可能有大便，走路躲的很远。别人就不会躲，是他们不怕吗,8
我的朋友被猫抓到了，患上了恐狂症，他每天都生活在恐惧里，害怕自己患病，恐惧生活，每天都在想自己会不会死了，生与死，恐惧生,8
"喜欢人的丝袜和高跟鞋,特别喜炊人的沒洗的内裤.怎么办?",8
",我现在非常非常的兴奋激动想要杀人虐待怎么办我受不了了",8
请问如果一个人看什么东西都感觉不干净不卫生，接别人递给的东西都要拿纸垫着拿，自己拿什么也要用纸垫着，这是有心里疾病吧，怎么治？,8
 喜欢穿着内裤蕾丝胸罩丝袜高跟鞋露出生殖器官到大街上拍照片,8
",19岁,想把小狗掐死的冲动 掐的时候看到它难受的喘气 还流眼泪 我心里很难受",8
 我是一个生，但是很喜欢做生的感觉，经常在宿舍中变装，还在吃激素，我该怎样决定我的人生求助,8
 我脑袋里面总有另一个我跟我对话，有时候不知道为什么走到一个地方。我也从来不记得我买了这个东西但是确实是买了。,8
 我老是希望被一个比自己年龄稍微大的生摁在腿上打光屁股，打屁股的时候用上各种工具。。。肿么办？？？？只想消除这个思想 求解？,8
 老公对我很冷淡我出轨了因此老公在外找了一个人却一直瞒着我我也装糊涂因为这样我患上了精神分裂抑郁症有两个孩子他们都讨厌我我怎么办,8
 快救救我，一直控制不住自己想法，控制不住意志，比如：我想要控制自己写作业，这时立即有个念头不让我写作业。我几乎都不知道该如何用大脑发出指令。,8
",为什么我总是与自己对话，内在声音每时每刻都在说，包括我现在打字，都是内在声音先说，然后我打出来，能不能停掉这个声音？我正常吗还是精神分裂了。",8
",27岁,我老婆觉得别人看着她，总觉得有人偷拍她，很没有安全感，总觉得身边的人都是坏人，要害她，甚至失去正常的常理判断，我应该要如何去开导她，帮助她？",8
 我朋友他在网上看狗狗很可爱 很喜欢!可是花钱卖回来了又打它 又疟待它，剩至活活打死!一个多月买了6只狗回来了，全都被活活打死，活活疟待死!请问这是心里变态吗？,8
喜欢美的臭脚，特别喜欢她们的脚心，非常想舔。,8
 ，25岁。我要咨询心理医生 我喜欢让异性朋友咬我身体 和鞭挞我上身,8
 最近总是想带着一只狗狗去一个深山老林度过此生，甚至想穿越，逃离这个世界,8
 为什么有的时候想杀人，怎么调节自己！自己也知道这样肯定心里有问题！谁能帮助一下我！,8
 我是收银员心里一直有个声音强迫我故意看错价钱故意算错钱这是强迫症吗还有一直会检查门有没有关水有没有关这种的,8
",50岁,严重固执 偏执 自大 不能承认自己的错误和失败 记忆偶尔错误 把自己做的事情想象成别人做的 或者把自己的想象当成了现实 还失眠 可以治吗？",8
 我觉得我心理有问题，我习惯自己给自己施加一些没有必要的压力，甚至为此烦恼，我控制不住自己，我还时常幻想一些假的东西，有时觉得它就是真的,8
",我不知道自己怎么了喜欢虐待人甚至为了虐待自人买了一个很偏僻的房子还有各种刑拘每次虐待完了人我就很自责可是有控制不住自己怎办我真怕那天就杀人",8
",感觉自己有自闭症，沟通表达能力差，怎么走出来",8
 自己总是感觉被人不信任我…而且我总是自己给自己心里说话,8
",一听见车响就想上厕所而且是憋不住的那种，最近一星期才成这",8
 胸疼让我好怕死，头疼让我好怕死，到医院检查不出什么毛病。,8
 我觉得我妈妈和外婆和我，都很古怪，是不是遗传性的轻度精神病,8
",人格分裂，到晚上就一直说着重复的话题，说的一些我们都听不懂",8
 记忆力减退怎么引起的？是年龄的问题吗？还是要改善什么问题？,8
 我想进行一次催眠，让我和器官说说话，我又有点精神障碍，不知道行不行,8
 你好，我经常感觉很自卑，还经常心里呼吸不畅通，请问我这是属于心病吗？谢谢,8
" 我一个人在家喜欢一个人脱光在家,有时候还趁没有人的时候跑到街上 我有什么问题吗",8
 我前几天莫名其妙的偷婴儿超市的东西了，我病不缺钱，被发现了才知道事情的严重性,8
",有时候总会想着杀掉自己的父母长辈我是不是心理出现问题了好烦。我平常也很孝顺的。",8
 自虐倾向，明明知道一件事情不对，但还是做了，做了之后就会后悔难受，不做的话更难受,8
 说真的，我看了一下现在普遍的抑郁症，焦虑症，强迫症，精神分裂，对照了一下，感觉每一个都跟自己十分相似,8
 我老妈平时就老是骂人，我们问她，她老是说有人骂她，我也没有听到有人骂她，老是说她，她还是这样，怎么办？,8
 总感觉有人在监视我，要害我。看到天空有警察的直升机在监视我这是真的吗？睡眠不爱入睡，而且醒的早。总感觉有人在背后议论我。,8
"22岁,我是一个同性恋！感觉自己有忧郁症！有嗜酒的习惯！经常喝酒才能睡着！有时候遇到不顺心的事总有暴力倾向！（但只是想，不会做）",8
 我对生活没有任何的热情 不明白在世上的意义 再加上我控制不了自己的欲望 常常一个人躲在被子里啜泣  想问问我该怎么办?催眠行吗 不过我自我暗示性不是很高,8
 总是觉得别人都讨厌我，都在背后说我坏话，对我传来异样眼光，对我指指点点。而且我很喜欢把自己锁在房间里，不给别人进来，也讨厌别人打扰，这是怎么回事？,8
 为什么听到隔壁的人在我旁边小声嘀咕，我就觉得是在说我，之前曾经被他们伤害过，看到他们和别人有什么声音我都会很在意，总觉得是在议论我，怎样才能平息？,8
 我姐七八年前因与别人发生过矛盾冲突而产生的精神刺激，现在是经常疑心重重，总怀疑别人拿了她家的另何东西，会经常大骂雷霆的骂别人，与别人吵驾，这是属于哪种症状？,8
 我怀疑自己有社交恐惧症： 之前在关于心理App看过好多有关社交恐惧症文章都和我有好多相同 .看见熟悉的人就走避免打招呼 .在参加聚会我希望自己一个不希望有人打扰甚至讨厌聚会 .觉得自己很自卑 .没什么朋友，经常自己一个也不想混在人群里 .有时候面对陌生人说话好小声不敢大声说话。  医生请问我是不是得了社交恐惧症要去看心理医生吗？还是我本身性格内向？,8
 每天觉得很无聊很无聊怎么办，不知道做什么,8
 老是觉得有人要害我，最近变得不相信任何人,8
我好像有神经症，不知能不能用心理治疗来治好。,8
 我儿行为异常，情绪有时失控，这是不是心理病,8
",感觉自己心理不健康，易发火，不能控制自己的脾气",8
 得了神经衰落有哪位医生来帮下我吗？有点事想不通,8
",疑心很重，不相信别人，甚至最亲的人，精神不集中",8
",怎样精神治疗病分烈证这个人没什么活法该怎么治疗",8
",医生我感觉我有精神病 精神分裂 抑郁症 焦虑 我该怎么办",8
",我是不是有社交恐惧症及忧郁症，还有选择恐惧症等等。",8
",我感觉自己有自闭症我想问一下自闭症一般会有什么症状",8
 最近比较多疑，怀疑有人监听或者定位，总感觉有人暗处在观察我。,8
 孩子读高二了，总是怀疑有人跟踪她，给她下药，总说大家都歧视她,8
",灵魂在颤抖，音乐是灵魂颤抖的旋律，你知道这种音乐之魂的力量吗？",8
 总有一种幻觉，害怕的，好像马上会发生啥事。然后会不自觉的流泪。,8
",心理极度不平衡想杀人报复社会怎么办？我感觉这个社会根本没有信任可言",8
",老是感觉自己有病快要死了，每天浑身都不舒服。不是这里疼就是那里疼。",8
",经常觉得自己没用，活着没意思，做什么工作都做不好。觉得很多人讨厌我",8
",我朋友多疑，总觉得单位里有人要陷害他，处理事情非常极端，该怎么办？",8
",我现在不知道为什么，会有一种想杀人的感觉。请问我该如何清楚这种状态。",8
，35岁，09年有一次精神崩溃，现在复发，不能集中注意力，焦虑，失眠怎么办？有幻觉？,8
",感觉自己得了严重的焦虑症强迫症，怕猫狗怕得狂犬病，怕得艾滋病等等，求医生指点！",8
感觉全世界都是我想出来的，自己永远不会消失和死亡，永远的饱受各种折磨，这是怎么了？,8
",我为什么喜欢打屁股，喜欢看打屁股视频，甚至要被人打一次光屁股，或打别人一次光屁股",8
 一个人经常自言自语和心里对话也不愿意和人交流以前也没有这个问题是从去年开始，到现在也就1年时间只是现在有点严重了,8
