 父亲突然离开人世，自己天天悲痛，走不出困境,5
 遇到感情问题，神经崩溃了，每天胡说八道，有时哭有时笑,5
",我曾经被校园欺凌过，导致我现在有很大的心理阴影，挥之不去，一直伴随着我，导致我十分地厌学，我很苦恼，怎么办？",5
我因为出过一次车祸，之后就变得特别自卑了遇事只知道逃避 不敢勇于面对 我要怎么去改变 现在遇到了特别重要的事和人 我想要去改变,5
",19岁,很容易暴躁，突然情绪大变，很想摔东西发泄，晚上总是很难睡着，莫名会播放一下画面和情景，控制不住的，一直在播放以前的事情",5
 我有社恐恐惧症，上学那会就经常被人欺负导致落下阴影，现在毕业快一年多，心里还是有阴影，看到人就会莫名害怕，请您认真回答问题，真不知道该怎么,5
你好，请问如何走出失去亲人的阴影，一年了，内心的内疚，自责无法平复，失去亲人，觉得生活再也没有了颜色和味道，一切都没有任何意义了，什么都不热爱了,5
",自从出了一场车祸，就变的越来越怕，不管白天还是黑夜，有人没人的时候就会出现怕的感觉，我也不知道怕什么？心里怕的要命，想象力太多了。请问什么原因？",5
",我感觉好累，我的脚伤了，一年多没有运动，现在全身都退化了。原本这一年多就是等待恢复。结果又恶化了，我怕我再也无法运动。我不敢去想。我感到未来很糟糕",5
叫我不去想那事，当什么事没发生过我真心做不到，活着自己痛苦，死了家人痛苦，既不想自己痛苦，又不想家人痛苦,5
",28岁,跟朋友合作生意被骗反倒欠了一屁股高利债，现在的收入也就够还利息的，一点希望都看不到了，都绝望了，怎么就这么倒霉啊",5
",24岁,您好，曾经经历了学校暴力，留下了阴影，以至于影响到生活了",5
",看到所有的东西都觉得会伤害我或我家人。包括枕头。线之类的。总是认为它们会伤害我家人。请问这是什么症状。好多年了。",5
",前段时间开车翻了，现在一直不敢在碰车，总感觉车是斜的，一上车就很害怕，怎样去克服？",5
",26岁,刚去世一个三岁孩，我这些天都要崩溃了整个人精神很不好，总是回忆跟他在一起的画面，早晨起来都要哭一次，怎么办？",5
",走不出离婚的阴影，天天像怨妇一样得谁跟谁说过去？接受不了新人，看谁都不如前夫，但是父母还不看好他，怎么办？天天哭天天哭，敏感，胡思乱想，一提过去就掉眼泪，怎么办？",5
我和老婆过了18年，我一直对她很好，她也很爱我，可是今年她要离婚，她又找了个的，那的什么都不如我，就是性能力比我强，我过不了自己这关，想死了，这是心里疾病吗？怎么解决呢,5
我现在心里特别恨我老公，我是不是有病，他以前背叛过我,5
如何走出打胎阴影？ 再次面对感情婚姻和可能无法生育的现实,5
10岁受到猥亵，快20年了，无法忘记，现在越幸福越难受，那个长辈早死了，恶梦不断，难以自拔……,5
20年前曾被人猥亵过，20年后他又回来了，可气得是他就住在路口，进来出去都要碰见，还是玻璃窗，我不知道该怎么相处，总感觉他跟我作对,5
我离婚了，心里放不下，很痛苦，我该怎么从痛苦中走出来,5
",儿去世，无法自拔，想不开，对家人不好，我该怎么办？",5
我离婚三年了现在面临再婚，可我心里总是感觉怕，有种不想结婚的想法,5
我表弟自从今年车祸出院后性格变的特别孤僻，不跟任何人说话，甚至别人叫他，都不回答，请问专家们是什么原因？,5
朋友看过人打人。被人偷窥过。导致现在对人有恐惧感。谈个恋爱连拉手都吓到哭。怎么破。求大神支招！跪谢,5
",26岁,心理受到严重的打击，我现在有种想死的感觉，对生活感到失望，活着觉得一点意义都没有，是不是得了抑郁症",5
我一见到的就害怕。经常觉得他们会对我做些什么！！！这让我非常害怕？以前有人骚扰过我。注明。本人，十八，,5
 十二岁 因为遭到别的生施暴扇耳光 被打 她们也不让告诉家长 告诉家长就会有麻烦 我现在想死的心都有了 我该怎么办,5
",总感觉丈夫有外遇，因为结婚的十年中丈夫出轨2次被抓过，但现在丈夫保证书也写，也没发现什么证据，但就是不信任他",5
大概三岁的时候，被一个和外公差不多大的人猥亵，差点被强，当然家人碍于情面，也没有追究，可我至今一直忘不掉，想到很痛苦，原谅做不到，甚至迁怒家人，我恨他们,5
头痛，压力大，放不下被打之事，害怕，多毅，想事比较多,5
结婚后一直害怕性生活，需要咨询心理医生，每次都超害怕，紧张到不行，,5
",49岁,没有把自己伤痛泻露出来，也没有地方可说，我的体重减了10多斤了。",5
为什么我无时无刻都觉得自己比别人丑？没脸面对那些生，这到底是为什么呢？,5
",我现在在坐牢地方工作，半年有妄想跟踪，总以为别人说我，害怕他们说我智障",5
",工作出了点问题，有跟人产生矛盾，总是想着自己工作上没做好的地方，导致想到要工作要上班就有点害怕",5
我被最爱的人最信任的人出卖了。这是我一辈子的阴影。我想死，怎么都想不通，也不想去原谅他。我该怎么办,5
",你好我现在总感觉有人背后议论我的话题，因为我是吃了官司的人还在那一个地方，我要不要换一个环境，出门有时候以为被有些人跟踪",5
我的孩子十六岁，16岁，上初一时曾被4个同学趁晚上在宿舍睡着时打过，心理上有了阴影。请问各位老师能帮我想想办法，怎样让孩子心理健康起来？谢谢,5
为什么一闭上眼睛，害怕被人和联想到打耳光，上学的时候被人偷袭过耳光,5
你好！我儿曾经受刺激，患过幻听，治好后，现在性情暴躁，把别人对她的好都以为是害她，就是不相信任何人，包括自己家人，请问医生该怎么办？,5
我儿曾经受过刺激，吃过药中间好了一年，可现在她怨恨周围的人，说别人要害她，咆哮，狂燥，漫骂，不相信任何人，包括自己的亲人，这是什么病症？,5
我也不知道怎么说，的不能靠近我，靠近我就有点怕,5
我小的时候曾被表哥猥琐过，现在看见的不敢交流。,5
孩子上课不敢看老师，不敢看黑板，孩，17岁，高三。,5
",每次跟朋友睡的时候都不敢做那个，到底该怎么办？",5
害怕一个人会打我，小时候就打我，对他恐惧，今年我15，,5
如果朋友背叛了你，会怎么办，让自己变得很自闭，不愿交流,5
你好，我今年27失去儿没多久，走不出来这个阴影怎么办.....,5
大家好，我是一名学生，今年18岁。我有抑郁症，请求帮助，谢谢,5
丈夫离世，孩子变得判逆，大的14岁，小的才2岁不到，生活压力让我很无助，,5
我受过极度严重的童年阴影，我想告我爸，让他坐牢，我这辈子 就是被他毁的,5
初中时外公去世产生幻听，后来上高中时由于同学骂我，老幻听到傻种贱种什么的,5
和家人不和怎么办？由于小的时候受到过父亲的恐吓而导致没不安全感，不相信任何人。不敢一个人睡觉。今年37岁，。,5
从小胆小，有一次在外面被几个人无缘无故打一顿，现在走在路上我都好怕有人打我，尤其是长得比较凶的人。很不自在，都不敢看人，怎么办？,5
我不知道我是性冷淡还是性恐惧 总之就是啪啪啪时 我只觉得痛 然后全身紧张 没有其他性很爽的感觉 然后我每次取白带都痛得要死 这样会不会影响两人感情,5
以前自己花心，可因为缺父爱才那样。现在喜欢一个对自己很好的有安全感的人。对我也好，可最后发现他欺骗我，欺骗了我内心最美好的东西，我们没有恋爱，,5
",我以前和朋友在一起的时候 性格活泼开朗 愿意交朋友 但是分手后性格完全变了 变得孤僻  多疑多虑 没自信 最严重的就是没自信 我应该怎么办？为什么会这样",5
现在怎么办？我感觉我神经不对劲了！那事都过去三年了！我还忘不了了！脑子正天就记得那事我心里有阴影了过不去了！没人给我合适的理由，给我解释清楚，我还怎么办,5
我小的时候收到过很大的心理伤害 长大了总是回想起来以前来 真的很痛苦,5
朝人扔刀，想把全世界的人都杀了，对父亲的死亡没有感觉，甚至想笑，这算有病吗？,5
你好我儿每天晚上哭在他读书的时候被一条蛇下到到现在还是那样的哭请问一下该怎么办啊,5
 对婚姻没有安全感，经常觉得老公要背叛我，骗我，经常情绪低落，发呆，跑神，心里莫名的痛，,5
因为一件事，让自己不自信，这件事给我留下了隐影，心里紧张，感觉自己崩溃了，真的是'自己内疚感太重了造成的吗,5
小时候被被人猥琐，然后再成长过程当中又遇到了各种的性骚扰问题，导致现在对性行为排斥，讨厌人触摸，但不是同性恋！！这个问题要怎么解决呢？？？,5
你好，我有一个朋友在 2号的时候出车祸，她丈夫当场死亡，她丈夫救了她和孩子，她现在在医院，家人不敢告诉她，丈夫去世了，我们也不知道如何开导，求心理医生帮帮忙。,5
 我老公出轨了一次，最后他改了，可是我走不出这阴影，怎么办,5
 是不是在青春期表现出的问题，其实是童年受到的伤害的表现？,5
 我爸去世时我现在很痛苦，我该怎么避免这些情绪影响我的生活,5
",25岁,我为何认为夫妻行房事可耻见不得人，讨厌自己和身边所有人",5
",父亲突然离世，无法接受这个事实，不敢面对家人，生活感到无望。",5
",30岁，母亲因病去世，发生的很突然，走不出来，无法接受，怎么办",5
",你好:我是有心里创伤，无法走出来，我恨给我心里创伤的人，那就是父母",5
 我心理有阴影，一直走不出来，我该怎么办？这对我的人生造成了很大的打击,5
",在离了婚之后为什么会对人越来越反感呢？现在这种状态越来越越严重该怎么办",5
 我在几个月前受到了刺激，人变得有点呆，愣。现在做事情经常被骂。我该怎么办,5
",因为一次挂水出现反应被惊吓了后出现一系列症状一直到今天都没好，头晕，心悸，走路漂，整天都这样，好难受",5
 我现在心里很自卑，觉得任何人都会喜欢我老公，总是怀疑他出轨，差他手机微信Qq，不知道怎么改变这种心里状态？一样老师们帮帮我。,5
 我有点孤僻，不想别人靠近心里，怕被伤害，和别人会正常交流，但是感觉好到一定程度，就想离开，不想被了解，工作上不想别人说，很敏感，不和别人争执，会沉默的离开。,5
 自从我和朋友分手后  我对其它人都很反感  感觉很恶心'  再也接受不了其它的人 三年了 今年是第四年  好不容易有一个喜欢的人  只要他一碰我  我就会有一种想吐的感觉,5
 因为高中谈恋爱差点被父母抓到的原因，导致我有了心理阴影，现在不敢在我住的地方谈恋爱，怕被父母看到，虽然知道父母现在不会管，可是还是很害怕，我该怎么摆脱心理阴影呢？,5
",月子期间，老公在外找小姐，被发现不承认，还动手打我。第二天查他通话纪录找到证据，他才承认。虽然跟我道谦了，但是我心理有阴影，现在只要他出去，我就会怀疑他。我该怎么办？",5
 就是有一次和人吵架被人针锋相对的骂了，留下了心理阴影，然后每次学习学的很认真的时候都会想到当时吵架时候别人骂我滚的事情，有点强迫，搞的我学习不能像以前一样高效率。。。,5
 儿遇害，心理很痛苦。儿遇害，心理很痛苦。,5
",童年创伤大 算是心理疾病吗？ 如何治疗？ 影响到生活",5
 怎么走出以前对象对我的伤害  我现在想离开这个城市了,5
 儿十一岁，意外离世，我觉得痛苦极了，不知道该怎样去面对？,5
",16岁,经历过情感失败。现在厌学，学习效率大幅下降，该怎么办？",5
 最近一直怕见人，内心感到恐惧，也吃不下东西，怎么去消除这种情绪？,5
",30岁,怎么克服害怕被抛弃的心理，感觉自己总是在被抛弃的恐慌中。怎么克服",5
",18岁,被骗了1000多生活费，现在感觉很憋屈，心理堵的慌，怎么才能调整过来，忘了这件事",5
 为什么到现在都不敢恋爱？害怕和那些要追求的人接触？不知道是什么原因。重点不是同性恋。,5
母亲在我小的时候经常打我，严重的时候用过针扎，我感觉自己现在就阴影，经常看她就恼火，该怎么办,5
 我总是不合群，源于我中学时候有过被同学排挤的经历，在人群中总是感觉到孤单不自信，这是什么原因,5
",28岁,请问要怎样才能不介意过去的那些人对你造成的伤害，因为这个伤害的影响还在持续，并没有消失。",5
 有过一次失败的婚姻，之后也几次都没有成，现在在谈的，我又觉得不行，连亲吻都不能接受，为什么？,5
",总是觉得自己有癌症怎么办。因为以前被身边的朋友欺骗过，现在不相信任何人，包括父母 她们都要害我",5
  有过一次失败的婚姻，之后也几次都没有成，现在在谈的，我又觉得不行，连亲吻都不能接受，为什么？,5
 我是个离婚的人，经历的太多，现在对任何人都不相信，尤其是对性？？？有时候我感觉自己都受不了，,5
 我会因为某些事情而感到心烦意乱，有时候，有时候甚至会不知所措，我应该怎么办啊？我是不是有强迫症？,5
",部队毕业分配  不想回到之前的那个单位 之前老是被欺负  还被打过 有阴影 好害怕 觉得生活没有盼头 很烦躁",5
 我是个离异，我现在对再婚提不起兴趣了，现在社会太复杂，都相互算计，还有各种各样的毛病，我该怎么办,5
",因为小时候一些事情。变得易怒。敏感。没有安全感多疑。容易悲观.抗压能力差。对我影响很大不知道怎么办。",5
 无恋爱史，异性对我有好感感觉很累很烦躁，对婚姻悲观，觉得没有人会从一而终，因为单身所以现实压力很大,5
 我有过一段婚姻，但半个月就结束了，现在一听到别人说结婚，给我介绍对象，我心理就很抗拒，我是不是得了恐婚症？,5
 老婆背着我和别人好了两年，现在我知道了，她说她会改，我也想原谅她，可是我总感觉她还会再犯，过不了自己心里这关,5
",丈夫出轨后，为了孩子我没有离婚，可我一直老想着他跟别的人在一起的情形，这样已经影响到我的工作，我该怎么办？",5
",老公出轨，发现后已分开，过不去那个坎，总闹，夫妻两最近都瘦了好几斤，都精神压力过大，处于奔溃边缘，如何放下？",5
 生孩子的时候大出血 有侧切 现在不敢和老公同房  刚要进去就会想会不会再次弄伤伤口 会不会大出血啊 这一类的 怎么克服,5
 小时候爸爸总是打我，到了现在每次看到他心里都会有点害怕，尽管现在他已经变得没以前那么凶了，但是现在心里还是有点害怕,5
",我19岁曾被朋友出卖，被人侵犯过，心理一直有阴影，现在越来越严重了，生小孩后两年来，老公一碰我，我就感觉恶心，我该怎么办？",5
 有个一次失败婚姻，之后有人给介绍，有三次每次到要订婚了，我会因为一些事就觉得没有安全感，而不想谈了这是为什么？，？？？？？,5
 我是班里的班长，我提出主意说春游去江边玩，结果有一个同学溺水了，老师也当着班级的面批评了我，我的心里现在很压抑（，22岁）,5
 我总放不下别人对我的伤害，而且总想着报复，我就以为我不伤害别人，别人没有理由伤害我，所以我从心里恨，而且经常想起对我的伤害，我还长期失眠,5
 我老婆是被养父养母待大的，她从十年前知道身事的，现在谁都不许提这件事，谁提跟谁急还不听劝，还怕人笑话，觉得底人一等，我好苦脑怎么能让她思想正常呢？,5
 因为前夫做了许多伤害我的事，现在心理一直有阴影，导致现在精神和思想出现了问题，不想与人交流，只想一个人呆着，但是越呆心情越差，我是不是有心理疾病？,5
 老公在外面有人，还有个孩子，我知道后要和他离婚，他死活不离，叫我给他2年时间处理这事，我答应了，可心里每天都有阴影，请问老师，我怎么做才能走出阴影。,5
",22岁,我朋友说我现在思想有点 扭曲 走极端 因为我半年内做了两次人流 受了一次情感上的打击 我应该怎么办？多次想过放弃生命 心里一直很恐惧 做什么事都打不起精神",5
 四个月前在家的时候经历了一场地震，感觉给自己留下了心理阴影。每天晚上睡觉的时候一闭眼就想到死亡这个话题，特别恐惧和无助，导致失眠，我该怎么面对这个问题？,5
 属兔的人，曾经的友老是追着问他在哪，现在我跟他交往，他说他有恐惧，害怕我也跟那个人一样，多疑，敏感，恐惧。一句玩笑话，他就不理我了。我该怎么化解？,5
",我开车把人撞了，带她去检查都没问题，事情也都处理好了，但是我心里还是很不舒服，好像还有个坎在那，事情过了，心里的阴影还在，现在也不敢去开车，让我很痛苦，",5
 因为前段时间家里有老鼠，明明已经被赶出去了。可是我还是觉得家里有，晚上听到一点声音就高度紧张，每日睡前都会检查一遍都不安心。可能也是因为被它抓伤过的关系……,5
",自己和孩子在家总是害怕，尤其到晚上，都是锁房门开着灯睡也是怕，不敢闭眼，实在困的受不了就会睡个一个多小时就醒了，这样导致每天很疲劳，精神不好，希望专家帮忙解决，怎么破",5
",同学骂我，我现在每天心里都在想这件事，并且还会猜想她怎么给别人骂我，已经影响到我的学习，并且不太与人交流，长期积累的委屈全部爆发，感觉自己的存在就是个错误，我该怎么办",5
",为什么生活中总有好多过不去的坎？累到无力",5
自己总是想着自己的老婆可能干过什么一下坏事情,5
 经常心烦，睡不好觉，我走不出阴影，生活很累,5
空间寂寞那么久么么么么唾沫吐了好了么么你咯么么,5
 每天都感觉没意思！而且很苦恼很烦躁！怎么办？,5
 为什么只要有的跟我走得特别近我就会反感他，,5
 紧张就全身抖，有什么办法治好？？有什么方法不紧张,5
",睡觉总是害怕，不敢一个人待在家里，闭上眼睛就感觉有人在我身后",5
",25岁,车祸刚发生不久  一直听到车祸的声音 心理有阴影 请问怎么解决",5
 我父亲去世了现在应该怎么才能不难受我一再家就会想到他去世的画面,5
",老公的死，让我心结难解，无处发泄，面对家人要强颜欢笑，我该怎么办",5
",自从有了一次失败的性生活现在满脑子都是想的自己不行了！我该怎么办啊",5
",我看了一部电影，留下了阴影，它让我对它有瘾，并感到慌乱，有时会出汗",5
",30岁,刚刚痛失亲人，每天睡不着，一直想，觉得更痛苦，轻微抑郁，如何缓解？",5
 打了一个孩子，自己做的决定，现在心里总过不了这个咔，婆家现在都不理我了,5
 别人出车祸我几天难受的睡不着，有时还掉泪，出事的是个孩子死的太惨了。求开导。,5
 失恋后对一切产生怀疑，没有信任感，防备心极强。不像恋爱，不能正常谈恋爱，保守过度！,5
 上厕所被八九岁孩看到了，我正蹲着，他看到我马上跑走了，心里有阴影，谁能开导开导我,5
",25岁，，谈过一个友，谈了四年，分了之后，都过去一年了，对人有排斥心理是为什么？",5
 您好我有一件事总是过不去产生阴影，怎样样才会让我好起来，我现在内心真的很痛苦，谢谢您,5
 我老婆最近失眠！睡不着觉！随时随地总感觉有人说她闲话！出门总感觉别人看她的眼神不一样！,5
 怀孕五个月停胎引产后每天心里烦躁，注意力集中不了，失眠睡不着，总是焦虑觉得活着没有希望，,5
 创伤后心里应激恐怖感，精力差多梦正常工作还可以生活还正常，就是经常胡思乱想，注意力不集中。,5
",我之前被一群流氓打了 之后看见那种人就害怕 现在做什么都不顺 什么都不想干 觉得自己好像得抑郁症了",5
",19岁,我对过去的痛苦的事情一直揪住不放，该怎么办？很痛苦，因为我疑心很重，总怕别人摸我胸或屁股之类的。",5
 因一些事情经历，把自己变得神经抑郁，伤脑子了。工作中省不得认真用脑子，乱七八糟。万事后自己觉得可笑。,5
",心里一直记得一些从小时候到现在的一些当时觉得屈辱或者羞愧的片段，记忆深刻。这和我现在的性格有什么关联吗？",5
",25岁,没有办法交朋友。害怕跟别人接触。害怕说错话。做错事让别人嘲笑。也不敢发表自己的观点。感觉自己特别胆小。",5
 曾经小学就受到了心灵巨大创伤，导致到现在的生活烦恼众多，没有自信，心里恐惧，不敢与人正常交往，不敢与人正视，,5
 失去爱人快半年了，我还是走不出来突如其来的变故，家里现在只有我和两个孩子了，每天心里都好难过很累我要怎么办啊,5
 两个孩子的妈妈了，因为小时候的事件，现在还是不能忘怀，已经影响正常的生活了，有什么好的方法可以忘掉过去，重新生活,5
 心里胡思乱想，想不现实的事情，而且还是对自己不好的事情，反反复复还是这这事情，还有老是想他多牛逼，多会办事，忽略了自己,5
",最近网上找工作，被骗了两千元，心理上感觉很压抑，过不去这道坎，心感觉一直提着，而且腿也发软，已经快要一周了，还是一直这样子",5
",27岁,前几天做了因胎儿不好做了人流，做完后闭眼就会瞎想，睡不好，有人陪的时候心情还好，自己一个人的时候胡思乱想，是不是抑郁症？",5
",我35岁，怀孕生二胎到5个月的时候胎死腹中，我整个人就像在地狱一样，再也快乐不起来了。我还恨我身边的亲人，不愿意见到他们。我心理有病了……",5
 被人尾随，然后被人威胁人生安全和身边的人的安全，现在任何时候睡不着觉，不敢一个人出去，就算和别人一起出去，总感觉有人跟踪，我这是怎么啦？,5
 我失恋半年了，现在还是特别害怕一个人待着，一个人时就心慌，紧张，身上就像针扎一样疼，做什么都没精神，觉得活的没意义，我这是怎么了，我该怎么办？,5
 过去不美好的事情，总时不时想起，浸在回忆里，自己很痛苦，却不知道怎么办，尤其是看到美好的东西，就会很自卑，很伤心，感觉自己很坠落 却不知道怎么办。,5
 二十年前在砖厂挖到一个古董让几个工友给骗了，后来事情闹大了，让政府收了。因此在当地成了名人……后来就躲到县城煤厂做煤一直到现在。很少回家、怕见熟人,5
",23岁,家里出现过一次小偷之后就心理有严重阴影，每天都害怕有人进家门，还形成习惯每天检查每个柜子角落的，现在整个人要崩溃了， 怎么办…… 一到夜里就害怕",5
 挚爱的丈夫突然去世离开了我和儿子，他是我最爱的人，他那么优秀，那么善良，爱助人为乐，自从他离开我以后，觉得生活黯然失色，无奈，痛苦，活着生不如死。,5
",和朋友吵架后，一直睡不好，以前本来就有失眠现象，现在更严重了，而且还头疼，做恶梦，头昏，没胃口，虽然和好了，但是感觉没有以前对我好了，也不关心我了",5
 近两年来因为家里出了事，晚上失眠，做恶梦，白天精神较以前烦躁，也比以前喜欢发脾气。自己百度说自己有抑郁症，我需要带她去精神病医院看吗？我更想找个心理医生,5
 我一直想死，做梦都会在想怎么死，害怕所有的一切，会一直哭，我觉得自己的一切都挺好的，自己有时候都会羡慕自己，可是我又觉得自己很不堪，甚至想睡下就不要醒来,5
"27岁,我是个二婚、前妻很喜欢偷人！所以才离婚了！现在刚结婚一年多，为了工作和我老婆分开了！现在才分开一个月，每天都会胡思乱想！想着老婆是不是出轨了！真的好累啊",5
 我喜欢了他三年，他也知道，我们沾一点亲戚关系，但我们准备私奔，可最后没走没在一起，现在有人喜欢我向我表白，我不敢接受怕受到伤害，我很痛苦。。。。。内心挣扎,5
 2008年地震后我失去了安全感，害怕一个人坐电梯，怕打雷，每天干啥事都想着可能会发生各种事故，坐车怕车翻，过桥怕桥塌，怕房屋倒塌，总之各种怕，生活中充满了恐惧。,5
 我现在失业中，我想找工作，但我不敢去找，我失去了斗志，我找不回自信，好被动。昨晚做了个梦，看见自己跟其他人是不同颜色的，其它人颜色好白，但我自己的颜色却很灰。,5
突然发现自己的问题越来越多，今天在家的时候，婶婶说我小时候同学的父亲的坟？跟我爸，就是养父的坟离的很近，心里好不舒服，周围的人都在陆续的离开，心情变的好阴郁，怎么办？,5
",在别人对我发火的时候我的心就跳的特别快，话也说不出，甚至不能呼吸，情绪特别不好感觉特别委屈，因为心甜的快说不出话每次别人对我发火我都不能反击……事后想就会越想越难过，",5
 有几个月害怕小声唱歌吵着别人，特别是在家里，还有别人睡觉时，就是自己想出来吓自己，怎么办？害怕在不经意之间打扰别人，总是心中有种不自在感，时刻都想着，还有一点恐惧感。,5
",一个需要走出童年阴影少年暴力，性咨询师。",5
",之前被朋友打已經分手了。現在睡覺總是發夢哭",5
 丈夫死了会非常害怕，天黑就怕想咨询下，怎么办？,5
",丢过手机留下阴影一直害怕新买的手机被偷怎么办",5
 我有拖延症，有社交恐惧症。反应慢，注意力不集中。,5
 如何走出失恋的痛苦。失恋综合症，失眠，厌食，焦虑。,5
",我跟朋友分手后觉的很难再去谈恋爱，觉得恨人怎么办",5
",老公出轨如何摆脱阴影，目前不打算离婚，他跟三也断了，",5
 孩子和同学大家，晚上做噩梦吓的哆嗦，是心里有音影了吗,5
",你好，我想问一下我老公因为公公死后就开始没有性生活了。",5
",3年前被好朋友扇耳光，辱骂，3年来每天都在想这件事，很痛苦",5
",每天都极度恐惧晚上睡觉也要开灯就算开灯也害怕不知道为什么",5
",我老公在外面偷腥了，现在我们两去一块我都特别恶心，怎么办",5
",忘不掉过去受的那些耻辱，一直徘徊在想象的好与现实的坏当中",5
",上了几个夜班，不知道怎么了心里害怕睡不着总觉得有人要杀我",5
",总是想流泪，内心难过。无法释怀一些事情，无法面对一些人。。",5
",21岁,父亲去世两年我总是半夜醒或者失眠有什么方法可以治疗吗",5
",离婚以后，总感觉自己的闺跟着妈嫁给别人，心里很不是滋味！",5
 为什么一年多了每天晚上睡觉都会想念一个人  甚至做梦都会梦到她,5
",我为什么总是想那些曾经令我痛苦的事情呢？总是走不出那片。阴影",5
",你好，我晚上躺床上总想地震发生，心里不安，怎么回事怎么办呢！",5
",恐恋爱症……………………………………………………………………",5
",心爱的狗狗车祸去世了，没办法走出来，不停的崩溃大哭，抑制不住",5
",和前任分手两年了，不过我慢慢发现自己心理不正常了。想疏导一下",5
",对生死之事惧怕，前阵子我大哥走了。生离死别，弥留之际让人心疼。",5
",小时候被寄宿的老师猥亵将近一年,当时不懂，现在每天想起都感到羞耻害怕",5
",感觉自己得了创伤后应激障碍。无缘故和家人发脾气，哪怕一点小事。心焦气躁。",5
 人活着有什么意义？最重要的东西被抽空了，生命对我们来说也就没有意义了？对吗,5
 我母亲车祸去世，我不愿接受现实，有严重创伤后遗症，已经无法正常生活、工作。怎么办?,5
",我3年前被辱骂，戏弄，被扇耳光，现在每天脑海里都是这些回忆，我是不是得了创伤后应激障碍",5
 两年前被友骗光钱了幽幽寡欢了，整天不交际不聊天，吃了就睡，睡了就吃，脾气比以前暴躁了,5
",最近心烦意燥。脑子胡思乱想。没有工作。前段时间亲戚走了人。感觉好怕。心里总想哪些事情。",5
",感觉自己好累，一切倒霉的事都发生在我身上，为什么？真的好累。有时想想，大把人比我更惨。",5
 自从一次失恋后心好像上了一道锁现在心开始跳动比较大了完全不想说话的感觉这是创伤心理吗,5
 出生时被遗弃养父母带大小时被哥哥侵犯过5年前因为逼婚离开养父母家这几年一直重复同样的梦,5
",我一朋友被抢劫了然后抢劫时被泼汽油烧伤，烧伤很严重现在她睡着就会做噩梦？请问该怎么来疏导她",5
",本人半年前有过一段感情分开后不想工作不想出去门怕见熟人经常心烦郁闷我是不是得了抑郁症了",5
",自从老公出轨以后我的精神就不正常了天天待着待着就想杀掉那个小三看见孩子会折磨他故意虐待他",5
",从我16岁知道自己是秃顶，看着周围人对我的嘲笑，还有各种原因，我失去了对未来的向往，只想等死。",5
 曾经因车子突然加速而出过车祸，出车祸后的一段时间内天天做梦，现在遇到这种突然加速的情况会害怕,5
",晚上睡觉睡不着，因为太黑感觉不舒服睡不着，总想前友，只能等到早上4/5点钟才能睡。这是失眠么？",5
 小时候曾被猥亵过，导致现在很厌恶别人的触碰。我觉得自己对朋友和家人造成了无形的伤害。我该怎么办,5
 老公第一次家暴后，他的任何部位都不能碰到我，碰到后感觉到特别焦虑，我不知道怎么了，希望各位老师帮解答,5
 五六岁的时候被堂哥骗着过性生活一直到骗到初一！内心走不出，不想活了！无法忘记每天还要去面对他！该如何？,5
",我姐姐的儿因灾难死亡，家被暴雨冲没了，，事情以有3个星期了，，我姐姐还很忧郁，不与任何人说话，一天都呆着，，说她的她就哭",5
",以前坐摩托车的时候碰到过变态司机，现在一坐摩托车就很紧张，连呼吸都忘了，脑袋一片空白，全身都在颤抖，请问这是病吗？我该怎样刻服？",5
