 怎样克服恐惧症，求专家解答，我现在很困惑！,6
 心老是悬着，总觉的会死，越想越害怕越害怕肚子还疼,6
 就是晚上怕黑，自己一人不不能待着还是可父母一个房间,6
 今年30岁，性格内向，社交恐惧，不愿意向人多的地方去，,6
",被校园暴力过去了十年了仍然放不下，偶尔想起心还是很难受",6
 最近老是睡不着觉，一闭眼就会看到可怕的东西，怎么办呀？,6
",就是被一个的吓到了现在听到他声音都觉得恐惧害怕喘不过气来",6
 最近总是梦到自己死掉，以为自己已经真的死掉了，被闹钟闹醒才知道是梦，但是感觉还是很不好，太难受了,6
",患有视线恐惧症，不敢与别人交流，不敢直视别人",6
",您好，我曾今得过被迫害妄想症，在精神病院住过3个月，只有家族成员知情还有3个朋友知道， 我现在有点担心重新工作和社交大家对我的看法，怎么缓解",6
社交障碍  恐惧  心理老是怀疑别人说我坏话 我不想这样,6
18岁岁，有社交恐惧症，见人就脸红，胆子小，怎么办,6
",有强烈的舞台恐惧症，上舞台时会不自觉手抖脚抖，怎么办？",6
我有严重的恐惧症，恐惧就脸红，跟别人对视，也脸红，因为怕脸红，所以更恐惧，我不知道怎么办了 ，帮帮我吧！,6
24 ， 心里有恐惧怎么克服  脑子里经常会想起某件事情  要怎么克服,6
",22岁,工作两年了，最近越来越怕见陌生人了，一见陌生人我做事就特别紧张，一紧张手就抖的特别厉害",6
专家，你好。我最近失眠，心理恐惧。晚上睡觉总感觉房里有人，连续几天的失眠让我很是烦躁。我想做做心理治疗,6
害怕跟人说话，只要跟人说话就紧张，跟朋友聊天的时候大脑就跟一团浆糊一样，不知道说什么好，也不知道该怎么说！,6
晚上很恐惧  很害怕 ，，不知道为什么特别是关灯后,6
心理恐惧症怎么治疗？因为一件事情容易联想到恐惧。怎么治疗？,6
极度自卑怎么改善，从小胆子就小，上台就腿抽筋，无法公开演讲。,6
我老是在睡觉前乱想一些事，睡不着，就老是想死亡的事可害怕了越想越害怕越害怕越想，我该怎么办？,6
为什么会晚上睡觉很害怕的现象越来越严重，以前都只是轻微的，现在夜深睡觉总是感觉很害怕，像有鬼似的疑神疑鬼，,6
",我已经连续三晚做噩梦了 现在睡觉关灯总是睡不着总感觉衣柜里面有双眼睛在看我 梦见死人了什么被追杀 求解 为什么",6
",最近不知道怎么了外面的人闹事我就会感觉心里紧张心跳很快快到呼吸急促脸色惨白吓到我心跳很快快到很怕，怕自己会死掉",6
成年性  受到惊吓后  发烧 乏力  不停的哭  不理她还好点  一旦有人和她说话 哭的更厉害  不停的说害怕  人很清醒  什么都知道,6
和友同居两年多了，自己现在还是个处，每次要做都很害怕，然后不由自主的就把他推开了，试了很多次都没有用，我这是心理出问题了吗？,6
恋物癖，重度恐惧症求解脱，找一个能见效的大夫，急,6
惊恐障碍发作，怕死，就像自己得了大病会死一样，心慌,6
 惊恐发作每天都是在死亡的恐惧中度过，快受不了啦,6
 溜冰三个月过后  仍然出现发抖发麻  心跳加快 甚至出现呼吸骤停。 请问有什么办法可以治疗？,6
",20岁,我患上了狂犬病恐惧症，心里特别害怕，我不怕光不怕水，但是嗓子一紧我就会想到自己得了狂犬病，明知道十日观察法有用，我不会有事，我还是担心不停，我该怎么办？",6
 每天晚上都会因为缺乏安全感，怕鬼怕虫子怕老鼠之类的失眠，有时候就算睡着了几分钟后就莫名奇妙的变的无比清醒，即使白天学习有多累，一躺床上就睡不着。越睡不着就越怕。,6
 我前列腺不好，总担心变严重，半夜醒来，越想越害怕，浑身发凉发抖，血往上涌紧张。抽烟就平静了，后来也有过几次，就马上起来走走，转移注意力，这是焦虑症吗？该怎么办？求助,6
 我经常能想起来人死就很可怕，这个正常吗？,6
 最近经常感觉到害怕  不知道为什么，中了磨一样,6
 第一次被丈夫暴力的狂躁症，害怕，现在每天都极度恐惧，怎么办？,6
 有事让我签字我会紧张，手哆嗦写不好，所以一直恐惧签字，怎么调节？,6
",22岁,心理非常的害怕，害怕失去朋友，亲人，一到晚上就心里发慌，不知道怎样克服自己",6
 当在人多的场合，很多人看着我的时候就会紧张，大脑一片空白，出冷汗，说不出话来，口吃，怎么办？,6
 从小到大一个人不敢睡觉，每到晚上总觉得周围有很多东西，闭上眼睛后会浮现出各种画面，我该怎么办？,6
 和老公在一起三年了都没有能成功同房，好苦恼啊主要是我的问题，我太怕疼了，现在想要宝宝了，家里人也在催,6
 我也不知道为什么我现在很害怕恐惧，甚至不敢闭眼去睡，非常的抵触黑暗，尽管我现在非常的疲惫。谁能棒棒我,6
",25岁,我非常怕虫子，一看见虫子脚就软了，现在生活的地方天天都可以看见虫子，求教各位老师怎么解决这个问题？",6
",每天都活在害怕中，我害怕失去家人，我担心父母担心孩子担心自己，每天都害怕，妈妈说这样下去不好，让我找个心理医生",6
 我看到上司就会有恐惧感，浑身不自在，双眼不停眨，我是一名护士，因为这个问题，已经换了好几份工作，因为害怕，面对不了，才辞职，烦啊，谁能明白我，求救救我，谢谢！,6
",你好 我21岁 濒死感或失控感在正常的日常生活中，我几乎跟正常人一样。而一旦发作时（有的有特定触发情境，，我就会突然出现极度恐惧的心理，体验到濒死感或失控感。该怎么办",6
",25岁,怕单独出门 感觉别人在监视自己讨论自己 不能集中注意力 但别人看自己时或讨论自己时感到不自在头晕 在人多的地方感到不自在，觉得自己哪都不如别人，也觉得别人不喜欢自己，",6
 几年前去上坟  突然感觉人死了以后在坟里一定很孤独    后来就老是害怕   死了以后用火炼   最后埋在黑暗的地下   每到想到这里久久不能入睡   困扰很多年了   我该怎么摆脱心里恐惧？,6
 心和胸口感觉有东西堵着，心疼一样，有时感觉压抑，无助，恐惧，,6
 我对人生有恐惧感，我对自己的孩子有暴力倾向，我觉得全世界都没有好人,6
 我总觉得自己要死了，晚上入睡困难，，，，头晕，胸闷，，，喉咙干，，，，恐惧,6
 感觉自己胸闷，頻死感，晚上失眠，老感觉有不好的事在我身上发生，吃点东西就烧心,6
",感觉有病老看不好，身体越来越差，有过频临死亡的感觉，腰疼，耳鸣，舌苔厚。没救了，人越变越丑了",6
 我好恐惧，我总恐惧我周围有恐怖的东西，我总是幻想它没有，它就越存在，，怎么办，好难受，快受不了了？,6
",性格内向最近老是内心极度害怕，情绪导致呼吸都很困难，究竟是什么情况，是不是精神还是心里出现问题了尼谢谢专家们，请求帮助",6
  一次工作中出现惊慌，胸闷，从此以后一提到上班就很紧张，上班之前很焦虑，老是想逃避，无法正常工作！请各位老师帮帮我！！,6
 这两个星期我从110斤下降到100斤，这种情况会不会是艾滋病症状啊，可是我从去年九月份和12月份到今年2月份检测艾滋病都是阴，可是为什么我的体重还是会下降,6
 我自己一个人在家只要有动静总害怕老感觉家里好像有人一样，疑神疑鬼，晚上睡觉必须要先亮着灯要不然睡不着害怕！我有时候还挺愿瞎想的，我这是怎么回事？,6
 我是个学生，但感觉和别人不一样，我很难说喜欢别人，恨别人，我连父母都不怎么在意，离开久了不会产生想念的念头，我感觉对什么都不在乎。想请你们帮帮我,6
",老师您好 我今年28岁  在2012年的夏天 突然感觉心慌 一会就过劲了  但之后2013年又出现这种情况 吓的我就去医院做了全身检查  但医生说什么事也没有  无器质性病 让我去心理门诊 医生说我是神经官能症 给我开了点抗抑郁的药吃了也不管用  现在都三年了 我还是心慌 焦虑 胸闷 气短  恐惧 有时胸口还疼 有什么方法能给我治好吗",6
 时不时有恐惧感，甚至濒死感，是得了什么病？太恐怖了.,6
 得了恐惧症应该怎么办得了恐惧症应该怎么办得了恐惧症应该怎么办,6
",感觉我得了焦虑症，昨晚看了一张恐怖图片，然后心跳加速喘不上气要晕的感觉，请问怎么治疗谢谢",6
，各位老师好，我的情况特不好，特别的心惊，有一小点声就感觉心惊，怎么办？性格有点想爆发的感觉,6
 很难忘记以前的事，本人内向。这个是很多年了。没有处理好吧。现在心脏病上不来气头晕。要死的感觉，我很害怕，救救我啊,6
",27岁,我每天脑子都不清醒，并且心里担心害怕我一会，会不会突然不行了，会不会晕倒，每天都这样，心里害怕两腿发软，感觉快要不能呼吸了",6
",焦虑症十年，从第一次心动过速开始，断断续续，惊恐发作，疑病，广场恐惧，所有的我都有了，没有过药物治疗，需要帮助，却不知道怎么帮助",6
